04/01/16;00:00:00;2.7700000;2.8200000;2.6300000;2.7700000;30559614
05/01/16;00:00:00;2.7700000;2.8000000;2.6400000;2.7450000;12461195
06/01/16;00:00:00;2.6600000;2.7100000;2.4700000;2.5000000;21569726
07/01/16;00:00:00;2.4300000;2.4800000;2.2600000;2.2700000;21273020
08/01/16;00:00:00;2.3600000;2.4250000;2.1000000;2.1200000;29165902
11/01/16;00:00:00;2.1600000;2.3600000;2.1200000;2.3400000;18939755
12/01/16;00:00:00;2.3900000;2.4600000;2.2800000;2.3950000;17003150
13/01/16;00:00:00;2.4000000;2.4500000;2.2100000;2.2600000;11954396
14/01/16;00:00:00;2.2900000;2.3500000;2.2100000;2.2100000;14247515
15/01/16;00:00:00;2.1000000;2.1300000;1.9900000;2.0200000;19939411
19/01/16;00:00:00;2.0800000;2.1100000;1.9000000;1.9400000;17603223
20/01/16;00:00:00;1.8100000;1.9500000;1.7500000;1.7900000;28438980
21/01/16;00:00:00;1.8200000;2.1800000;1.8100000;2.0801000;25320698
22/01/16;00:00:00;2.1100000;2.1700000;1.9800000;2.0200000;15325405
25/01/16;00:00:00;2.0100000;2.1500000;2.0100000;2.1250000;12529126
26/01/16;00:00:00;2.1400000;2.1500000;2.0300000;2.0800000;9971493
27/01/16;00:00:00;2.0800000;2.1800000;2.0700000;2.1300000;10319174
28/01/16;00:00:00;2.1600000;2.1700000;2.0700000;2.0900000;6627155
29/01/16;00:00:00;2.0900000;2.2000000;2.0700000;2.2000000;9528151
01/02/16;00:00:00;2.1700000;2.1900000;2.1100000;2.1450000;8223014
02/02/16;00:00:00;2.1100000;2.1400000;1.9600000;1.9900000;10457544
03/02/16;00:00:00;2.0400000;2.0750000;1.9500000;2.0690000;9282011
04/02/16;00:00:00;2.0600000;2.1700000;2.0300000;2.1000000;8069996
05/02/16;00:00:00;2.0500000;2.0750000;1.9800000;1.9800000;7187122
08/02/16;00:00:00;1.9700000;1.9800000;1.8700000;1.9300000;10606917
09/02/16;00:00:00;1.8900000;1.9950000;1.8500000;1.9000000;12087480
10/02/16;00:00:00;1.9200000;1.9800000;1.8300000;1.8450000;9012632
11/02/16;00:00:00;1.8200000;1.9400000;1.8100000;1.8500000;7561621
12/02/16;00:00:00;1.8900000;1.9100000;1.8200000;1.8350000;9442591
16/02/16;00:00:00;1.8600000;1.9000000;1.8200000;1.8300000;11238996
17/02/16;00:00:00;1.8500000;1.9400000;1.8500000;1.8800000;13065061
18/02/16;00:00:00;1.9300000;1.9800000;1.9000000;1.9050000;9872026
19/02/16;00:00:00;1.9300000;1.9300000;1.8300000;1.9100000;7346275
22/02/16;00:00:00;1.9500000;2.0400000;1.9250000;2.0124000;9275374
23/02/16;00:00:00;2.0300000;2.0600000;1.9700000;1.9700000;6066999
24/02/16;00:00:00;1.9800000;2.0400000;1.9300000;2.0300000;6667973
25/02/16;00:00:00;2.0200000;2.0400000;1.9800000;2.0250000;5221888
26/02/16;00:00:00;2.0400000;2.1000000;2.0300000;2.0700000;7351936
29/02/16;00:00:00;2.0600000;2.1500000;2.0500000;2.1400000;10339436
01/03/16;00:00:00;2.1600000;2.2000000;2.1200000;2.1850000;8356363
02/03/16;00:00:00;2.2000000;2.3300000;2.1800000;2.3250000;10443325
03/03/16;00:00:00;2.3200000;2.5500000;2.2950000;2.4650000;21305814
04/03/16;00:00:00;2.4200000;2.5000000;2.3400000;2.3700000;14753799
07/03/16;00:00:00;2.3600000;2.4700000;2.3600000;2.4700000;8045283
08/03/16;00:00:00;2.4400000;2.4600000;2.3000000;2.3100000;8763380
09/03/16;00:00:00;2.3200000;2.3500000;2.2000000;2.2500000;12705572
10/03/16;00:00:00;2.2900000;2.3100000;2.1500000;2.2600000;9274258
11/03/16;00:00:00;2.2900000;2.5400000;2.2900000;2.5150000;20795228
14/03/16;00:00:00;2.5300000;2.7500000;2.5100000;2.7300000;33178526
15/03/16;00:00:00;2.6700000;2.6900000;2.4500000;2.4800000;21004359
16/03/16;00:00:00;2.5000000;2.6400000;2.4900000;2.6350000;12348714
17/03/16;00:00:00;2.7700000;2.8100000;2.7000000;2.8050000;26540043
18/03/16;00:00:00;2.8000000;2.9300000;2.7700000;2.9300000;22329267
21/03/16;00:00:00;2.9000000;2.9000000;2.7500000;2.7850000;12617241
22/03/16;00:00:00;2.7300000;2.8500000;2.7100000;2.7850000;9948464
23/03/16;00:00:00;2.8000000;2.8250000;2.6800000;2.6800000;9592980
24/03/16;00:00:00;2.6900000;2.8100000;2.6200000;2.7900000;9669271
28/03/16;00:00:00;2.8100000;2.8400000;2.7300000;2.7800000;7522300
29/03/16;00:00:00;2.7300000;2.8800000;2.7000000;2.8500000;12667063
30/03/16;00:00:00;2.8800000;2.9800000;2.8500000;2.8550000;14560228
31/03/16;00:00:00;2.8400000;2.8800000;2.8000000;2.8400000;8112331
01/04/16;00:00:00;2.7900000;2.8800000;2.7600000;2.8300000;7614609
04/04/16;00:00:00;2.8300000;2.8700000;2.8000000;2.8250000;5365742
05/04/16;00:00:00;2.7600000;2.8400000;2.7200000;2.7550000;8737753
06/04/16;00:00:00;2.7500000;2.8000000;2.7200000;2.7900000;11934543
07/04/16;00:00:00;2.7600000;2.8300000;2.6100000;2.6400000;11292538
08/04/16;00:00:00;2.7000000;2.7600000;2.6800000;2.7400000;8144005
11/04/16;00:00:00;2.7600000;2.8200000;2.7400000;2.7500000;8775957
12/04/16;00:00:00;2.7900000;2.8500000;2.7600000;2.8000000;15876334
13/04/16;00:00:00;2.7800000;2.8200000;2.7300000;2.8000000;7486288
14/04/16;00:00:00;2.7700000;2.7900000;2.7000000;2.7000000;8527193
15/04/16;00:00:00;2.7200000;2.7500000;2.6800000;2.6850000;6746566
18/04/16;00:00:00;2.6700000;2.8000000;2.6500000;2.7700000;8630884
19/04/16;00:00:00;2.7800000;2.7800000;2.6100000;2.6150000;11013780
20/04/16;00:00:00;2.6200000;2.7200000;2.6100000;2.6950000;7562071
21/04/16;00:00:00;2.6500000;2.7000000;2.6000000;2.6100000;10516632
22/04/16;00:00:00;3.1900000;3.9900000;3.1800000;3.9900000;133634560
25/04/16;00:00:00;3.8100000;3.9000000;3.3100000;3.4600000;77816767
26/04/16;00:00:00;3.4500000;3.7500000;3.4400000;3.6600000;35304300
27/04/16;00:00:00;3.5500000;3.7500000;3.5300000;3.7350000;23482951
28/04/16;00:00:00;3.6900000;3.8000000;3.6000000;3.6000000;19554240
29/04/16;00:00:00;3.6900000;3.6900000;3.4500000;3.5500000;16758986
02/05/16;00:00:00;3.5800000;3.7500000;3.5700000;3.7400000;15910024
03/05/16;00:00:00;3.7000000;3.7100000;3.5800000;3.6000000;13258484
04/05/16;00:00:00;3.5400000;3.6700000;3.5400000;3.6050000;8184971
05/05/16;00:00:00;3.6400000;3.8000000;3.6050000;3.6700000;21025722
06/05/16;00:00:00;3.6500000;3.7500000;3.6400000;3.6900000;11328152
09/05/16;00:00:00;3.6600000;3.6800000;3.4500000;3.6400000;15901981
10/05/16;00:00:00;3.6600000;3.6800000;3.5600000;3.6300000;9048252
11/05/16;00:00:00;3.6100000;3.6800000;3.6000000;3.6500000;7068569
12/05/16;00:00:00;3.6500000;3.6800000;3.5500000;3.5900000;8723219
13/05/16;00:00:00;3.5600000;3.7300000;3.5500000;3.6750000;15825182
16/05/16;00:00:00;3.6700000;3.8500000;3.6500000;3.7800000;14319172
17/05/16;00:00:00;3.8100000;3.9800000;3.6900000;3.7900000;19469589
18/05/16;00:00:00;3.7900000;3.9700000;3.7700000;3.8400000;19001030
19/05/16;00:00:00;3.8300000;3.8500000;3.6900000;3.7600000;17304060
20/05/16;00:00:00;3.8300000;3.9000000;3.8100000;3.8800000;13100298
23/05/16;00:00:00;3.9000000;4.2000000;3.8800000;4.0400000;34064817
24/05/16;00:00:00;4.0900000;4.2100000;3.9200000;4.1950000;32323592
25/05/16;00:00:00;4.2400000;4.3500000;4.1500000;4.1800000;24066095
26/05/16;00:00:00;4.1900000;4.3800000;4.1700000;4.3550000;21092214
27/05/16;00:00:00;4.3900000;4.6300000;4.3700000;4.6000000;33156268
31/05/16;00:00:00;4.6700000;4.7100000;4.5000000;4.5700000;23503468
01/06/16;00:00:00;4.6000000;4.6400000;4.3800000;4.4300000;28079330
02/06/16;00:00:00;4.3700000;4.4000000;4.0700000;4.2400000;34661389
03/06/16;00:00:00;4.1600000;4.2000000;4.0800000;4.1600000;17002339
06/06/16;00:00:00;4.2000000;4.5100000;4.1700000;4.4600000;20676471
07/06/16;00:00:00;4.5600000;4.6700000;4.4700000;4.5100000;19728342
08/06/16;00:00:00;4.5400000;4.5600000;4.3800000;4.4600000;14605429
09/06/16;00:00:00;4.4100000;4.5400000;4.3150000;4.5200000;15501429
10/06/16;00:00:00;4.4300000;4.4700000;4.3000000;4.3250000;14378819
13/06/16;00:00:00;4.3200000;4.4800000;4.3200000;4.4100000;13009648
14/06/16;00:00:00;4.4000000;4.5100000;4.3300000;4.4000000;15909102
15/06/16;00:00:00;4.4400000;4.4800000;4.3000000;4.4200000;11135654
16/06/16;00:00:00;4.5000000;4.7500000;4.4550000;4.7450000;32516467
17/06/16;00:00:00;4.7500000;5.2700000;4.6800000;5.2700000;61140489
20/06/16;00:00:00;5.3500000;5.4500000;5.0900000;5.0950000;42068403
21/06/16;00:00:00;5.1000000;5.5000000;5.0900000;5.4500000;35103922
22/06/16;00:00:00;5.4600000;5.5200000;4.9600000;5.0250000;46282069
23/06/16;00:00:00;5.1700000;5.2600000;5.0500000;5.2099000;26159287
24/06/16;00:00:00;4.8200000;5.0675000;4.7600000;4.8600000;32001499
27/06/16;00:00:00;4.8800000;5.0500000;4.6500000;4.7200000;30070080
28/06/16;00:00:00;4.9500000;5.1850000;4.9100000;5.1100000;27674369
29/06/16;00:00:00;5.3000000;5.4000000;5.1000000;5.1300000;31706343
30/06/16;00:00:00;5.1300000;5.1900000;4.9500000;5.1400000;20325991
01/07/16;00:00:00;5.0900000;5.1400000;5.0000000;5.0700000;17442353
05/07/16;00:00:00;5.0300000;5.0500000;4.8750000;4.9600000;15755881
06/07/16;00:00:00;4.9100000;5.1100000;4.9000000;5.0400000;18382962
07/07/16;00:00:00;5.0700000;5.1000000;4.9400000;5.0100000;15453139
08/07/16;00:00:00;4.8400000;5.1500000;4.8200000;5.1000000;26240105
11/07/16;00:00:00;5.1300000;5.1900000;5.0000000;5.0000000;20248427
12/07/16;00:00:00;5.0100000;5.1700000;5.0100000;5.1400000;20025549
13/07/16;00:00:00;5.1400000;5.1900000;5.0400000;5.1000000;13498210
14/07/16;00:00:00;5.1500000;5.2350000;5.0600000;5.1700000;19519004
15/07/16;00:00:00;5.2000000;5.2000000;5.1000000;5.1400000;13722958
18/07/16;00:00:00;5.1900000;5.5700000;5.1300000;5.5200000;37817237
19/07/16;00:00:00;5.5000000;5.5500000;5.3400000;5.4150000;22738300
20/07/16;00:00:00;5.4800000;5.5000000;5.4000000;5.4100000;19555093
21/07/16;00:00:00;5.4300000;5.4500000;5.1000000;5.2200000;34899261
22/07/16;00:00:00;5.7300000;5.9700000;5.4500000;5.8400000;95109002
25/07/16;00:00:00;5.9200000;6.9500000;5.9200000;6.7100000;115938466
26/07/16;00:00:00;6.7600000;7.1599000;6.7100000;6.9850000;78261921
27/07/16;00:00:00;6.9300000;6.9800000;6.6800000;6.8500000;37593348
28/07/16;00:00:00;6.7900000;6.9800000;6.7350000;6.8250000;26724514
29/07/16;00:00:00;6.8800000;6.9600000;6.7500000;6.8550000;21375658
01/08/16;00:00:00;6.8900000;6.9200000;6.5700000;6.6350000;25602864
02/08/16;00:00:00;6.5600000;6.6000000;6.1500000;6.2550000;39949069
03/08/16;00:00:00;6.1800000;6.4500000;6.1500000;6.2900000;22926144
04/08/16;00:00:00;6.3900000;6.6100000;6.3700000;6.4700000;21840394
05/08/16;00:00:00;6.5600000;6.7600000;6.4700000;6.6100000;19360635
08/08/16;00:00:00;6.7000000;6.8500000;6.6500000;6.6850000;20828783
09/08/16;00:00:00;6.7500000;6.7800000;6.5400000;6.5950000;16096465
10/08/16;00:00:00;6.3500000;6.5800000;6.2500000;6.4950000;27039119
11/08/16;00:00:00;6.5000000;6.5900000;6.4600000;6.5750000;12669417
12/08/16;00:00:00;6.6000000;6.7900000;6.5500000;6.7300000;23529387
15/08/16;00:00:00;6.7800000;6.9700000;6.7800000;6.9450000;27598376
16/08/16;00:00:00;6.9400000;6.9400000;6.6500000;6.7700000;23387109
17/08/16;00:00:00;6.7000000;6.7500000;6.6100000;6.6900000;13277786
18/08/16;00:00:00;6.7400000;7.0700000;6.7250000;7.0400000;29140183
19/08/16;00:00:00;7.2400000;8.0000000;7.2200000;7.6200000;72547468
22/08/16;00:00:00;7.8300000;7.9500000;7.3700000;7.5800000;39615894
23/08/16;00:00:00;7.6600000;7.7400000;7.5300000;7.6700000;25219641
24/08/16;00:00:00;7.6700000;7.6700000;7.3700000;7.4400000;21977756
25/08/16;00:00:00;7.4900000;7.4900000;7.2000000;7.4700000;14070757
26/08/16;00:00:00;7.5100000;7.8000000;7.4600000;7.6700000;30680005
29/08/16;00:00:00;7.7200000;7.7900000;7.5700000;7.5850000;16128361
30/08/16;00:00:00;7.6100000;7.6400000;7.4100000;7.4950000;15418950
31/08/16;00:00:00;7.5200000;7.5200000;7.2800000;7.3950000;17002294
01/09/16;00:00:00;7.1800000;7.4400000;7.0900000;7.3500000;20982305
02/09/16;00:00:00;7.4900000;7.6400000;7.3800000;7.5120000;17632413
06/09/16;00:00:00;7.5600000;7.6000000;7.2500000;7.3400000;22559022
07/09/16;00:00:00;7.0500000;7.0800000;6.7800000;6.8350000;53806443
08/09/16;00:00:00;6.6400000;6.6500000;6.1500000;6.2200000;88050632
09/09/16;00:00:00;6.2400000;6.2400000;5.8500000;5.8900000;118507900
12/09/16;00:00:00;5.8300000;6.0650000;5.7700000;5.9400000;69228824
13/09/16;00:00:00;5.9200000;5.9500000;5.6600000;5.7300000;47883698
14/09/16;00:00:00;5.7500000;6.0766000;5.7500000;6.0400000;55933486
15/09/16;00:00:00;6.0900000;6.2000000;5.9500000;6.0150000;46199590
16/09/16;00:00:00;6.2100000;6.2200000;5.9700000;6.0500000;36698362
19/09/16;00:00:00;6.1200000;6.2750000;6.0800000;6.1550000;35953927
20/09/16;00:00:00;6.2100000;6.2800000;6.1200000;6.1750000;26427399
21/09/16;00:00:00;6.2000000;6.3200000;6.1400000;6.2800000;30679340
22/09/16;00:00:00;6.3500000;6.4400000;6.3300000;6.3650000;28624003
23/09/16;00:00:00;6.3600000;6.6500000;6.3100000;6.5500000;46158768
26/09/16;00:00:00;6.5400000;6.5400000;6.3100000;6.3300000;25361744
27/09/16;00:00:00;6.3900000;6.5800000;6.2900000;6.5350000;28174264
28/09/16;00:00:00;6.5700000;6.6500000;6.4800000;6.5800000;23421650
29/09/16;00:00:00;6.5700000;6.7300000;6.5400000;6.6650000;28113004
30/09/16;00:00:00;6.7000000;7.0400000;6.7000000;6.9200000;35984073
03/10/16;00:00:00;6.9500000;7.1500000;6.8700000;6.9500000;27218394
04/10/16;00:00:00;7.0000000;7.0900000;6.8900000;6.9650000;22356604
05/10/16;00:00:00;6.9700000;7.0100000;6.7000000;6.7800000;28553028
06/10/16;00:00:00;6.7200000;6.9800000;6.6300000;6.9500000;25271831
07/10/16;00:00:00;6.9200000;6.9600000;6.6200000;6.7341000;28902353
10/10/16;00:00:00;6.8100000;6.9400000;6.8000000;6.8300000;13054125
11/10/16;00:00:00;6.8000000;6.8400000;6.3800000;6.5000000;30353609
12/10/16;00:00:00;6.6400000;6.7700000;6.4200000;6.6050000;31309148
13/10/16;00:00:00;6.5000000;6.5400000;6.2400000;6.4900000;27692568
14/10/16;00:00:00;6.9200000;7.1200000;6.7400000;6.7400000;59630249
17/10/16;00:00:00;6.9200000;6.9700000;6.6400000;6.6750000;22703072
18/10/16;00:00:00;6.7600000;6.8900000;6.6900000;6.7300000;22314849
19/10/16;00:00:00;6.7000000;6.8000000;6.5700000;6.7700000;27950480
20/10/16;00:00:00;6.8100000;6.9800000;6.7700000;6.9600000;53515768
21/10/16;00:00:00;6.5000000;6.6500000;6.3700000;6.5200000;58060568
24/10/16;00:00:00;6.5700000;7.0100000;6.5400000;7.0000000;47296637
25/10/16;00:00:00;6.9000000;7.5000000;6.8700000;7.4950000;72684699
26/10/16;00:00:00;7.4000000;7.4800000;7.2600000;7.2900000;45524391
27/10/16;00:00:00;7.4400000;7.4600000;7.1000000;7.1100000;35726419
28/10/16;00:00:00;7.1000000;7.5300000;7.0200000;7.2050000;73033864
31/10/16;00:00:00;7.2400000;7.4600000;7.2000000;7.2200000;40027751
01/11/16;00:00:00;7.3200000;7.4250000;6.9200000;7.1000000;38163384
02/11/16;00:00:00;7.0300000;7.0550000;6.6700000;6.7600000;32751663
03/11/16;00:00:00;6.7800000;6.7900000;6.5600000;6.6900000;31056055
04/11/16;00:00:00;6.6900000;6.7200000;6.4600000;6.5550000;31146936
07/11/16;00:00:00;6.7900000;6.9900000;6.7632000;6.9500000;35020598
08/11/16;00:00:00;6.8500000;7.1800000;6.7500000;7.0000000;35095744
09/11/16;00:00:00;6.7000000;7.0500000;6.6400000;6.9500000;35941318
10/11/16;00:00:00;6.8200000;6.9100000;6.2200000;6.2950000;65806112
11/11/16;00:00:00;6.6400000;6.6900000;6.4700000;6.6850000;36619037
14/11/16;00:00:00;6.8300000;6.8400000;6.6100000;6.7900000;27134122
15/11/16;00:00:00;6.8200000;7.0800000;6.7900000;6.9700000;25975432
16/11/16;00:00:00;7.0900000;7.7500000;7.0700000;7.6800000;74449542
17/11/16;00:00:00;7.7900000;8.7700000;7.7700000;8.4700000;118587443
18/11/16;00:00:00;8.6800000;8.8300000;8.4000000;8.7150000;58085099
21/11/16;00:00:00;8.8700000;9.2200000;8.8600000;8.9500000;61617028
22/11/16;00:00:00;9.0500000;9.0600000;8.5400000;8.6850000;69026254
23/11/16;00:00:00;8.7200000;8.8600000;8.5000000;8.8000000;31000383
25/11/16;00:00:00;8.8000000;8.9100000;8.6900000;8.8000000;13786385
28/11/16;00:00:00;8.7200000;8.9800000;8.7200000;8.8300000;24792597
29/11/16;00:00:00;9.0000000;9.2300000;8.8500000;8.9400000;51181036
30/11/16;00:00:00;9.0200000;9.1200000;8.9000000;8.9100000;32772207
01/12/16;00:00:00;8.9200000;9.0300000;8.2600000;8.3800000;54138453
02/12/16;00:00:00;8.3800000;8.7400000;8.3800000;8.5300000;40927761
05/12/16;00:00:00;8.6900000;8.7100000;8.4500000;8.6800000;29033171
06/12/16;00:00:00;8.8400000;9.5400000;8.8200000;9.4500000;89120474
07/12/16;00:00:00;9.6500000;9.7900000;9.2400000;9.5700000;50087872
08/12/16;00:00:00;9.9000000;10.6600000;9.8000000;10.3400000;100715184
09/12/16;00:00:00;10.4000000;10.5400000;9.8700000;10.3350000;57903372
12/12/16;00:00:00;10.4000000;10.9300000;10.3800000;10.6900000;57832586
13/12/16;00:00:00;10.7500000;10.8000000;10.4000000;10.5500000;43959251
14/12/16;00:00:00;10.4300000;10.7400000;10.2700000;10.5500000;44812288
15/12/16;00:00:00;10.6800000;10.9300000;10.6400000;10.8550000;46055071
16/12/16;00:00:00;10.9400000;11.2300000;10.5950000;10.6600000;61138299
19/12/16;00:00:00;10.8500000;11.0000000;10.5200000;10.9450000;43091503
20/12/16;00:00:00;11.1800000;11.5100000;11.1500000;11.5100000;55307230
21/12/16;00:00:00;11.6100000;11.7200000;11.3100000;11.4800000;41229927
22/12/16;00:00:00;11.6500000;11.7500000;11.4700000;11.6100000;34138194
23/12/16;00:00:00;11.3000000;11.6000000;11.2600000;11.5800000;30773910
27/12/16;00:00:00;11.6500000;12.0800000;11.6000000;12.0700000;42868567
28/12/16;00:00:00;12.2800000;12.4200000;11.4600000;11.5400000;68797170
29/12/16;00:00:00;11.2400000;11.6200000;11.0100000;11.6000000;47822194
30/12/16;00:00:00;11.7000000;11.7800000;11.2500000;11.3300000;39932801
03/01/17;00:00:00;11.4200000;11.6500000;11.0200000;11.4200000;52110581
04/01/17;00:00:00;11.4500000;11.5204000;11.2350000;11.4300000;37852561
05/01/17;00:00:00;11.4300000;11.6900000;11.2300000;11.2450000;34381385
06/01/17;00:00:00;11.2900000;11.4900000;11.1100000;11.3200000;33011152
09/01/17;00:00:00;11.3700000;11.6400000;11.3100000;11.4900000;35905881
10/01/17;00:00:00;11.5500000;11.6300000;11.3300000;11.4400000;26656082
11/01/17;00:00:00;11.3900000;11.4100000;11.1500000;11.2000000;35472995
12/01/17;00:00:00;10.9800000;11.0376000;10.3300000;10.7600000;68621374
13/01/17;00:00:00;10.7900000;10.8700000;10.5600000;10.5800000;31551744
17/01/17;00:00:00;10.1700000;10.2300000;9.7800000;9.8150000;63497404
18/01/17;00:00:00;9.5000000;10.1000000;9.4200000;9.8800000;48711017
19/01/17;00:00:00;9.9200000;10.2500000;9.7500000;9.7800000;43791699
20/01/17;00:00:00;9.8800000;9.9600000;9.6700000;9.7400000;25111034
23/01/17;00:00:00;9.6800000;10.0600000;9.6800000;9.9100000;25626009
24/01/17;00:00:00;9.9500000;10.4900000;9.9500000;10.4400000;41907651
25/01/17;00:00:00;10.7400000;10.9750000;10.1500000;10.3600000;60273192
26/01/17;00:00:00;10.3500000;10.6600000;10.3000000;10.5100000;34659131
27/01/17;00:00:00;10.6000000;10.7300000;10.5200000;10.6700000;31313842
30/01/17;00:00:00;10.6200000;10.6800000;10.3000000;10.6100000;34967698
31/01/17;00:00:00;10.6000000;10.6700000;10.2200000;10.3800000;42177246
01/02/17;00:00:00;10.9000000;12.1400000;10.8100000;12.0500000;151157576
02/02/17;00:00:00;11.9800000;12.6600000;11.9500000;12.2800000;103691202
03/02/17;00:00:00;12.3700000;12.5000000;12.0400000;12.2300000;51944749
06/02/17;00:00:00;12.4600000;13.7000000;12.3800000;13.6400000;135202067
07/02/17;00:00:00;14.0500000;14.2700000;13.0600000;13.2800000;148139735
08/02/17;00:00:00;13.2100000;13.7500000;13.0800000;13.5500000;68089531
09/02/17;00:00:00;13.7800000;13.8900000;13.4000000;13.4200000;67181061
10/02/17;00:00:00;13.7700000;13.8600000;13.2500000;13.5700000;51672422
13/02/17;00:00:00;13.7000000;13.9500000;13.3800000;13.4900000;51667252
14/02/17;00:00:00;13.4300000;13.4900000;13.1900000;13.2600000;37884638
15/02/17;00:00:00;13.2000000;13.4400000;13.1500000;13.2950000;30723614
16/02/17;00:00:00;13.2500000;13.3500000;12.8400000;12.9700000;50215610
17/02/17;00:00:00;12.7600000;13.1400000;12.6000000;13.1300000;37257211
21/02/17;00:00:00;13.4100000;14.1000000;13.4000000;13.9900000;63638270
22/02/17;00:00:00;14.3000000;14.5000000;14.0400000;14.2850000;67047047
23/02/17;00:00:00;14.2000000;14.4500000;13.8200000;14.3100000;75972115
24/02/17;00:00:00;13.9900000;14.3200000;13.8600000;14.1200000;43379870
27/02/17;00:00:00;14.2700000;15.3500000;14.2700000;15.2000000;91424204
28/02/17;00:00:00;15.4500000;15.5500000;14.3500000;14.4600000;109351719
01/03/17;00:00:00;15.0800000;15.0900000;14.5200000;14.9550000;67246957
02/03/17;00:00:00;14.6000000;14.7800000;13.8700000;13.8900000;97621328
03/03/17;00:00:00;13.5500000;13.5800000;12.7900000;13.0250000;147956108
06/03/17;00:00:00;13.0100000;13.3400000;12.3800000;13.0400000;111412134
07/03/17;00:00:00;13.0700000;13.3700000;12.7900000;13.0500000;72185384
08/03/17;00:00:00;13.2500000;13.5500000;13.1000000;13.2200000;67586419
09/03/17;00:00:00;13.4500000;13.4500000;13.1100000;13.3300000;41839653
10/03/17;00:00:00;13.5000000;13.9300000;13.4500000;13.9000000;59639641
13/03/17;00:00:00;14.4800000;14.6800000;14.1800000;14.2700000;67211661
14/03/17;00:00:00;14.0000000;14.1500000;13.6401000;14.0900000;50122886
15/03/17;00:00:00;14.0300000;14.0600000;13.6200000;13.9850000;52194122
16/03/17;00:00:00;13.7900000;13.8800000;13.6500000;13.6500000;41638644
17/03/17;00:00:00;13.7000000;13.7400000;13.3600000;13.4900000;51125681
20/03/17;00:00:00;13.6800000;14.5000000;13.5400000;14.4000000;85036988
21/03/17;00:00:00;14.4000000;14.5000000;13.7800000;13.8200000;67959649
22/03/17;00:00:00;13.7000000;14.1450000;13.5500000;14.1000000;58524048
23/03/17;00:00:00;13.9600000;14.1150000;13.7700000;13.7900000;40775940
24/03/17;00:00:00;14.1600000;14.1800000;13.5400000;13.7000000;47594422
27/03/17;00:00:00;13.3500000;13.7800000;13.2100000;13.7000000;39070291
28/03/17;00:00:00;13.7700000;13.8600000;13.5500000;13.6850000;34407505
29/03/17;00:00:00;13.7400000;13.8700000;13.6300000;13.7200000;34443981
30/03/17;00:00:00;13.7300000;14.0500000;13.6500000;14.0500000;40882726
31/03/17;00:00:00;14.1000000;14.7500000;14.0100000;14.5600000;80302932
03/04/17;00:00:00;14.6200000;14.7400000;14.3000000;14.6500000;46447307
04/04/17;00:00:00;14.3100000;14.6700000;14.0300000;14.1600000;53979733
05/04/17;00:00:00;14.2800000;14.6400000;14.1000000;14.1650000;55924094
06/04/17;00:00:00;13.4200000;13.4600000;12.8300000;13.2800000;131189172
07/04/17;00:00:00;13.3300000;13.6800000;13.2200000;13.5200000;65690631
10/04/17;00:00:00;13.5200000;13.5900000;13.0800000;13.1000000;43346680
11/04/17;00:00:00;13.0200000;13.2900000;12.7100000;13.0950000;57007975
12/04/17;00:00:00;12.9400000;13.1000000;12.7400000;12.7600000;32502169
13/04/17;00:00:00;12.5050000;12.7200000;12.2200000;12.3100000;49759086
17/04/17;00:00:00;12.5400000;12.8000000;12.3700000;12.7900000;35445826
18/04/17;00:00:00;12.6300000;12.9700000;12.5800000;12.9400000;32493247
19/04/17;00:00:00;13.0900000;13.2050000;12.8000000;12.8300000;34164317
20/04/17;00:00:00;12.9800000;13.1500000;12.8800000;13.1100000;39765477
21/04/17;00:00:00;13.0900000;13.1200000;12.9000000;13.0000000;23833825
24/04/17;00:00:00;13.2100000;13.2300000;13.0450000;13.1300000;32280194
25/04/17;00:00:00;13.2400000;13.5250000;13.1600000;13.4800000;33913611
26/04/17;00:00:00;13.4500000;13.5300000;13.2200000;13.4100000;32562345
27/04/17;00:00:00;13.4300000;13.7000000;13.3700000;13.6200000;28778937
28/04/17;00:00:00;13.7300000;13.7550000;13.1600000;13.3000000;46312704
01/05/17;00:00:00;13.4300000;13.6300000;13.2500000;13.6200000;51141895
02/05/17;00:00:00;11.7300000;11.7600000;10.3000000;10.3050000;243660864
03/05/17;00:00:00;10.2900000;10.6800000;9.8500000;10.3850000;134759208
04/05/17;00:00:00;10.5500000;10.5500000;9.9400000;10.0900000;73112207
05/05/17;00:00:00;10.1400000;10.2600000;9.9400000;10.1800000;47818666
08/05/17;00:00:00;10.2200000;10.2200000;10.0000000;10.0400000;32506227
09/05/17;00:00:00;10.0400000;10.4000000;10.0300000;10.1700000;44271295
10/05/17;00:00:00;10.4550000;10.8500000;10.4400000;10.7900000;61662516
11/05/17;00:00:00;10.7400000;11.2600000;10.5100000;11.0700000;69676479
12/05/17;00:00:00;11.2000000;11.4000000;11.0800000;11.2600000;53384002
15/05/17;00:00:00;11.4100000;11.6000000;11.3000000;11.4150000;49836354
16/05/17;00:00:00;11.6600000;12.7700000;11.6300000;12.7650000;151163849
17/05/17;00:00:00;11.7100000;12.2855000;11.1600000;11.1950000;149874139
18/05/17;00:00:00;10.9900000;11.4900000;10.8100000;11.2750000;81022262
19/05/17;00:00:00;11.4700000;11.6200000;11.3500000;11.4100000;47090218
22/05/17;00:00:00;11.4900000;11.5500000;10.7700000;11.0400000;75208679
23/05/17;00:00:00;10.9700000;11.0550000;10.6200000;10.8850000;46780987
24/05/17;00:00:00;11.0500000;11.0600000;10.7100000;10.8850000;38618864
25/05/17;00:00:00;11.0100000;11.0100000;10.8000000;10.9700000;29885627
26/05/17;00:00:00;10.8500000;11.0200000;10.7400000;11.0100000;30280490
30/05/17;00:00:00;10.9500000;11.2700000;10.9000000;11.1100000;33548598
31/05/17;00:00:00;11.2900000;11.4900000;11.1000000;11.1900000;36678813
01/06/17;00:00:00;11.2500000;11.2850000;10.8100000;10.9300000;41169828
02/06/17;00:00:00;10.9300000;10.9600000;10.5650000;10.8900000;40649275
05/06/17;00:00:00;10.8400000;11.3400000;10.8000000;11.2400000;59620068
06/06/17;00:00:00;11.2700000;12.2400000;11.2400000;12.0300000;109543595
07/06/17;00:00:00;12.4200000;12.9600000;12.2348000;12.3800000;142278035
08/06/17;00:00:00;12.8100000;12.9100000;12.4000000;12.9000000;79292649
09/06/17;00:00:00;13.1000000;13.4000000;11.6300000;12.2700000;160613577
12/06/17;00:00:00;11.7500000;12.3500000;11.4700000;12.0850000;115938628
13/06/17;00:00:00;12.3300000;12.4800000;11.6700000;11.9600000;83384128
14/06/17;00:00:00;11.9100000;12.0500000;11.6500000;11.7700000;47930115
15/06/17;00:00:00;11.3400000;11.5800000;11.2100000;11.5000000;56716249
16/06/17;00:00:00;11.6600000;11.8300000;11.2800000;11.4200000;51062503
19/06/17;00:00:00;11.6300000;12.1200000;11.6200000;11.9300000;57570137
20/06/17;00:00:00;12.1900000;12.9300000;12.1800000;12.6400000;110355657
21/06/17;00:00:00;13.3700000;14.0100000;13.1300000;13.9900000;172924560
22/06/17;00:00:00;14.1000000;14.5000000;13.5600000;14.3800000;141279967
23/06/17;00:00:00;14.1500000;14.6700000;13.9000000;14.1300000;120175782
26/06/17;00:00:00;14.3900000;14.4900000;13.8400000;14.0700000;95850544
27/06/17;00:00:00;13.7600000;14.0400000;13.3700000;13.3900000;84838330
28/06/17;00:00:00;13.6500000;13.7000000;13.0900000;13.2200000;80588882
29/06/17;00:00:00;13.0600000;13.1500000;12.4500000;12.6050000;83003421
30/06/17;00:00:00;12.5700000;12.8300000;12.3600000;12.4700000;54660291
03/07/17;00:00:00;12.5700000;12.7300000;12.1300000;12.1899000;38409288
05/07/17;00:00:00;12.3600000;13.2100000;12.3200000;13.1800000;92436923
06/07/17;00:00:00;12.9400000;13.3200000;12.6650000;13.0300000;83913937
07/07/17;00:00:00;13.2700000;13.7450000;13.1800000;13.3600000;83380482
10/07/17;00:00:00;13.6100000;13.8800000;13.2700000;13.8200000;69713184
11/07/17;00:00:00;13.7700000;14.0990000;13.6200000;13.8900000;64489294
12/07/17;00:00:00;14.1700000;14.3900000;13.9600000;14.2800000;71714348
13/07/17;00:00:00;14.3300000;14.4900000;13.4300000;13.5300000;107943308
14/07/17;00:00:00;13.4600000;13.9300000;13.3200000;13.9100000;72424260
17/07/17;00:00:00;14.0300000;14.1200000;13.5100000;13.8000000;66910592
18/07/17;00:00:00;13.2900000;13.5300000;13.1500000;13.4800000;71824090
19/07/17;00:00:00;13.6000000;13.7400000;13.4100000;13.5500000;48384968
20/07/17;00:00:00;13.6100000;13.8900000;13.4500000;13.8000000;45142529
21/07/17;00:00:00;13.7200000;14.0500000;13.6200000;13.8800000;48942460
24/07/17;00:00:00;14.0000000;14.4400000;13.9700000;14.1699000;67435549
25/07/17;00:00:00;14.2800000;14.3200000;13.8700000;14.1250000;72041445
26/07/17;00:00:00;15.1300000;15.6500000;14.6500000;14.7600000;213632075
27/07/17;00:00:00;14.9900000;15.0400000;13.7000000;14.1201000;125490517
28/07/17;00:00:00;13.8450000;14.1000000;13.6800000;13.9400000;61978175
31/07/17;00:00:00;14.0900000;14.2200000;13.4700000;13.6150000;64320834
01/08/17;00:00:00;13.7200000;13.8600000;13.4500000;13.7100000;44014743
02/08/17;00:00:00;13.8100000;13.9300000;13.1200000;13.3700000;64807941
03/08/17;00:00:00;13.4200000;13.5200000;13.0800000;13.2400000;49567351
04/08/17;00:00:00;13.2000000;13.3600000;13.0200000;13.1200000;61195452
07/08/17;00:00:00;13.2900000;13.5700000;13.2700000;13.4250000;54399038
08/08/17;00:00:00;13.4800000;13.5500000;13.0800000;13.0950000;44049286
09/08/17;00:00:00;12.7600000;12.8900000;12.5400000;12.8200000;55154173
10/08/17;00:00:00;12.7000000;12.9200000;12.1100000;12.1200000;75434486
11/08/17;00:00:00;12.0400000;12.3900000;11.8800000;12.2200000;60449752
14/08/17;00:00:00;12.5800000;12.8450000;12.5800000;12.7700000;59939224
15/08/17;00:00:00;13.0100000;13.1400000;12.7500000;13.0250000;54291647
16/08/17;00:00:00;13.1700000;13.1900000;12.5200000;12.6400000;60948456
17/08/17;00:00:00;12.4600000;12.6500000;12.3200000;12.3300000;39378704
18/08/17;00:00:00;12.4300000;12.5550000;12.2500000;12.3800000;35010260
21/08/17;00:00:00;12.4200000;12.4200000;11.8600000;12.0600000;56625698
22/08/17;00:00:00;12.2000000;12.3300000;12.1000000;12.1650000;36095997
23/08/17;00:00:00;12.0000000;12.5350000;11.9500000;12.4750000;40528814
24/08/17;00:00:00;12.6900000;12.7100000;12.3900000;12.5000000;34242052
25/08/17;00:00:00;12.5100000;12.5700000;12.2500000;12.4200000;28025355
28/08/17;00:00:00;12.5300000;12.5490000;12.1600000;12.2250000;32040476
29/08/17;00:00:00;12.0000000;12.1800000;11.9300000;12.1500000;31460001
30/08/17;00:00:00;12.1900000;12.6800000;12.1600000;12.6600000;41188789
31/08/17;00:00:00;12.8200000;13.1600000;12.7900000;12.9900000;48034113
01/09/17;00:00:00;13.1200000;13.4850000;13.0400000;13.1900000;50419720
05/09/17;00:00:00;12.8800000;13.1800000;12.6500000;12.9200000;48313527
06/09/17;00:00:00;13.0200000;13.0800000;12.7500000;12.8500000;31593514
07/09/17;00:00:00;12.8700000;12.9400000;12.6000000;12.6400000;33908832
08/09/17;00:00:00;12.5712000;12.6100000;12.0350000;12.2400000;57930218
11/09/17;00:00:00;12.4600000;12.7400000;12.4001000;12.5600000;40093622
12/09/17;00:00:00;12.6600000;12.6800000;12.2130000;12.3000000;52143536
13/09/17;00:00:00;12.2200000;12.3600000;12.1200000;12.2300000;33938579
14/09/17;00:00:00;12.1500000;12.4600000;12.1100000;12.2550000;34013709
15/09/17;00:00:00;12.3300000;12.6600000;12.3100000;12.5200000;43776439
18/09/17;00:00:00;12.7700000;13.3000000;12.7400000;13.0700000;78550841
19/09/17;00:00:00;13.2500000;13.2900000;12.8800000;13.1100000;61035868
20/09/17;00:00:00;13.0700000;13.8000000;12.8000000;13.7500000;79371147
21/09/17;00:00:00;14.0000000;14.2400000;13.3200000;13.4100000;148612018
22/09/17;00:00:00;13.2000000;13.4000000;13.1200000;13.3000000;46567583
25/09/17;00:00:00;13.2500000;13.2800000;12.4900000;12.6100000;78782399
26/09/17;00:00:00;12.8500000;12.9300000;12.4300000;12.4500000;62644948
27/09/17;00:00:00;12.6500000;12.8700000;12.5000000;12.7500000;56484030
28/09/17;00:00:00;12.7600000;12.8400000;12.5500000;12.7300000;33419356
29/09/17;00:00:00;12.7650000;12.8200000;12.6000000;12.7500000;31413907
02/10/17;00:00:00;12.8000000;12.8500000;12.6200000;12.7150000;31629067
03/10/17;00:00:00;12.7300000;13.4800000;12.7000000;13.4200000;82347051
04/10/17;00:00:00;13.3100000;13.5000000;13.1500000;13.3100000;39418095
05/10/17;00:00:00;13.3800000;13.4600000;13.2100000;13.3350000;32443608
06/10/17;00:00:00;13.2200000;13.3900000;13.1800000;13.2300000;25822690
09/10/17;00:00:00;13.2600000;13.8300000;13.2600000;13.4700000;51831652
10/10/17;00:00:00;13.7200000;13.7900000;13.4400000;13.7000000;39826468
11/10/17;00:00:00;13.6200000;13.9600000;13.6100000;13.8800000;35772240
12/10/17;00:00:00;13.8400000;14.3700000;13.8100000;14.2000000;66013266
13/10/17;00:00:00;14.3200000;14.4100000;14.1200000;14.2200000;35258809
16/10/17;00:00:00;14.2500000;14.3500000;14.1200000;14.2600000;32112608
17/10/17;00:00:00;14.2300000;14.3450000;14.1350000;14.1500000;27095374
18/10/17;00:00:00;14.2000000;14.2790000;13.7600000;14.0600000;37597285
19/10/17;00:00:00;13.8600000;14.0400000;13.6900000;13.9500000;30577729
20/10/17;00:00:00;14.0300000;14.0900000;13.8000000;13.8100000;29660967
23/10/17;00:00:00;13.9500000;14.1900000;13.8999000;14.1000000;45919738
24/10/17;00:00:00;14.2000000;14.3600000;14.1500000;14.2700000;57556470
25/10/17;00:00:00;12.9600000;13.1300000;12.2900000;12.3300000;152012547
26/10/17;00:00:00;12.4500000;12.4600000;12.0000000;12.0050000;83868178
27/10/17;00:00:00;12.1700000;12.1900000;11.3500000;11.8100000;109930580
30/10/17;00:00:00;11.2550000;11.4200000;10.6500000;10.8900000;129670657
31/10/17;00:00:00;10.7600000;11.3100000;10.6900000;10.9850000;74244673
01/11/17;00:00:00;11.2500000;11.2900000;10.7200000;10.8000000;63448782
02/11/17;00:00:00;10.8700000;10.9900000;10.6600000;10.8500000;45135975
03/11/17;00:00:00;10.9400000;11.1300000;10.8200000;11.1200000;41821720
06/11/17;00:00:00;12.0400000;12.0900000;11.6400000;11.9500000;83727324
07/11/17;00:00:00;11.9400000;12.2700000;11.9200000;12.0400000;62215244
08/11/17;00:00:00;11.9400000;11.9500000;11.5100000;11.7001000;54050529
09/11/17;00:00:00;11.2500000;11.3500000;11.0300000;11.1200000;71345761
10/11/17;00:00:00;11.2200000;11.4300000;11.1150000;11.2600000;47398337
13/11/17;00:00:00;11.1800000;11.2000000;10.9200000;11.0800000;46743536
14/11/17;00:00:00;11.0300000;11.2600000;11.0000000;11.1200000;33675339
15/11/17;00:00:00;11.0000000;11.1300000;10.7700000;11.0700000;31622202
16/11/17;00:00:00;11.1300000;11.3200000;11.1300000;11.2500000;26765133
17/11/17;00:00:00;11.3000000;11.7500000;11.2800000;11.3850000;53194376
20/11/17;00:00:00;11.4700000;11.5050000;11.1900000;11.3350000;34064924
21/11/17;00:00:00;11.4400000;11.4900000;11.2400000;11.3900000;29595393
22/11/17;00:00:00;11.4100000;11.4900000;11.3000000;11.3800000;21960420
24/11/17;00:00:00;11.3800000;11.4200000;11.3000000;11.3500000;10664662
27/11/17;00:00:00;11.3400000;11.7400000;11.3358000;11.5600000;37929858
28/11/17;00:00:00;11.4500000;11.5400000;11.0000000;11.1700000;60943964
29/11/17;00:00:00;11.0800000;11.1700000;10.7300000;10.8250000;60217697
30/11/17;00:00:00;10.8700000;11.0300000;10.7600000;10.9001000;36317901
01/12/17;00:00:00;10.8100000;10.9700000;10.5300000;10.7200000;39803112
04/12/17;00:00:00;10.8500000;10.8800000;9.8200000;10.0300000;87683864
05/12/17;00:00:00;9.8900000;10.3400000;9.7000000;9.9050000;57763662
06/12/17;00:00:00;9.9000000;10.0500000;9.7100000;10.0000000;35571656
07/12/17;00:00:00;10.0800000;10.1900000;9.9500000;10.0500000;28821557
08/12/17;00:00:00;10.1500000;10.2000000;9.9200000;9.9200000;31914341
11/12/17;00:00:00;9.9700000;10.1600000;9.9600000;10.1550000;26347324
12/12/17;00:00:00;10.1300000;10.1400000;9.8800000;9.9000000;32782349
13/12/17;00:00:00;9.9700000;10.2100000;9.9500000;10.1050000;36556795
14/12/17;00:00:00;10.1000000;10.1700000;9.9600000;10.1200000;21946117
15/12/17;00:00:00;10.1300000;10.3200000;10.0200000;10.3000000;31348885
18/12/17;00:00:00;10.5600000;11.0000000;10.5100000;10.9834000;54592378
19/12/17;00:00:00;11.0000000;11.1900000;10.8700000;10.9500000;36424949
20/12/17;00:00:00;11.0900000;11.1800000;10.8000000;10.9900000;28317938
21/12/17;00:00:00;10.9700000;11.0793000;10.8700000;10.8900000;19355238
22/12/17;00:00:00;10.7500000;10.7700000;10.2000000;10.5400000;48442468
26/12/17;00:00:00;10.3800000;10.5790000;10.3400000;10.4800000;18953236
27/12/17;00:00:00;10.4600000;10.7400000;10.4000000;10.5250000;20877347
28/12/17;00:00:00;10.5400000;10.6400000;10.4300000;10.5500000;15219786
29/12/17;00:00:00;10.5400000;10.5800000;10.2700000;10.2900000;23435903
02/01/18;00:00:00;10.4200000;11.0200000;10.3400000;10.9900000;39531765
03/01/18;00:00:00;11.5900000;12.1400000;11.1700000;11.5500000;130937186
04/01/18;00:00:00;12.1000000;12.4300000;11.9700000;12.1150000;102195729
05/01/18;00:00:00;12.1900000;12.2200000;11.6600000;11.8700000;59609771
08/01/18;00:00:00;12.0100000;12.3000000;11.8500000;12.2800000;56849225
09/01/18;00:00:00;11.9900000;12.0200000;11.7100000;11.8100000;56782799
10/01/18;00:00:00;11.6200000;12.1500000;11.5600000;11.9600000;46946562
11/01/18;00:00:00;12.0700000;12.1900000;11.9001000;12.1500000;31409223
12/01/18;00:00:00;11.8200000;12.0700000;11.8000000;12.0300000;41254013
16/01/18;00:00:00;12.0500000;12.2000000;11.8000000;11.9100000;39446886
17/01/18;00:00:00;11.9000000;12.1900000;11.8200000;12.1800000;35578605
18/01/18;00:00:00;12.1400000;12.6800000;12.1400000;12.4700000;56970515
19/01/18;00:00:00;12.5600000;12.8800000;12.5400000;12.5700000;42649282
22/01/18;00:00:00;12.6200000;12.7400000;12.3700000;12.6450000;31604077
23/01/18;00:00:00;12.8200000;12.9950000;12.7600000;12.9300000;40491162
24/01/18;00:00:00;13.0200000;13.0500000;12.6000000;12.7000000;38453010
25/01/18;00:00:00;12.8000000;12.9400000;12.3200000;12.4100000;39534603
26/01/18;00:00:00;12.7100000;12.9500000;12.6200000;12.9301000;40639971
29/01/18;00:00:00;13.1300000;13.4700000;13.0500000;13.3298000;62214560
30/01/18;00:00:00;13.1200000;13.2700000;12.6900000;12.8650000;63313214
31/01/18;00:00:00;13.2400000;13.8500000;13.1500000;13.7400000;127749224
01/02/18;00:00:00;13.5900000;13.8400000;13.2100000;13.2500000;60549495
02/02/18;00:00:00;13.0500000;13.0600000;12.4300000;12.4500000;72582562
05/02/18;00:00:00;12.0500000;12.1800000;10.9300000;11.5700000;108934582
06/02/18;00:00:00;11.0800000;11.7400000;11.0000000;11.6500000;80042696
07/02/18;00:00:00;11.7100000;11.9000000;11.5300000;11.6100000;51488113
08/02/18;00:00:00;11.7200000;11.8500000;11.2100000;11.2101000;49145513
09/02/18;00:00:00;11.4900000;11.5700000;10.6300000;11.3100000;80634145
12/02/18;00:00:00;11.4700000;11.8000000;11.4300000;11.6900000;55875512
13/02/18;00:00:00;11.6000000;11.8200000;11.5300000;11.7900000;29821852
14/02/18;00:00:00;11.7200000;12.3100000;11.6300000;12.2000000;48298517
15/02/18;00:00:00;12.4000000;12.6250000;12.0700000;12.1900000;51096556
16/02/18;00:00:00;12.1100000;12.2250000;11.8200000;11.8300000;43485158
20/02/18;00:00:00;11.7200000;12.1900000;11.7100000;12.0250000;44166582
21/02/18;00:00:00;12.1200000;12.1200000;11.7200000;11.7300000;37698813
22/02/18;00:00:00;11.8200000;11.9950000;11.6300000;11.8350000;34977281
23/02/18;00:00:00;11.9600000;12.1600000;11.9400000;12.0750000;30373607
26/02/18;00:00:00;12.1400000;12.4300000;12.0500000;12.4200000;35950258
27/02/18;00:00:00;12.4300000;12.8800000;12.3900000;12.5250000;49742210
28/02/18;00:00:00;12.6600000;12.7300000;12.1000000;12.1100000;39038444
01/03/18;00:00:00;12.2600000;12.2700000;11.6600000;11.8900000;52219046
02/03/18;00:00:00;11.6700000;11.9300000;11.4300000;11.8100000;54122229
05/03/18;00:00:00;11.6900000;12.0550000;11.6100000;11.9050000;38650549
06/03/18;00:00:00;12.0100000;12.0450000;11.7100000;11.7550000;41541762
07/03/18;00:00:00;11.5800000;12.8200000;11.5500000;12.2400000;118698049
08/03/18;00:00:00;12.3950000;12.5900000;11.7400000;11.9700000;72213255
09/03/18;00:00:00;12.0300000;12.0392000;11.5800000;11.7000000;83167280
12/03/18;00:00:00;11.7600000;11.8200000;11.4800000;11.5100000;78337428
13/03/18;00:00:00;11.5000000;12.0350000;11.0950000;11.6400000;162972164
14/03/18;00:00:00;11.7100000;11.7200000;11.2600000;11.3600000;75638649
15/03/18;00:00:00;11.4300000;11.5500000;11.1900000;11.4600000;56764727
16/03/18;00:00:00;11.4900000;11.5500000;11.3200000;11.4700000;30828994
19/03/18;00:00:00;11.4100000;11.7400000;11.3510000;11.4300000;50861992
20/03/18;00:00:00;11.4100000;11.5200000;11.0000000;11.1100000;56345918
21/03/18;00:00:00;11.1600000;11.3400000;11.1100000;11.2600000;41776905
22/03/18;00:00:00;11.1100000;11.2600000;10.8500000;10.9200000;57212847
23/03/18;00:00:00;10.9100000;10.9700000;10.5700000;10.6300000;49703889
26/03/18;00:00:00;10.7000000;10.8000000;10.1800000;10.4300000;69905267
27/03/18;00:00:00;10.5100000;10.5900000;9.9000000;10.0000000;64555246
28/03/18;00:00:00;9.9900000;10.1689000;9.8000000;9.8050000;60246169
29/03/18;00:00:00;9.9100000;10.0800000;9.8100000;10.0600000;44050366
02/04/18;00:00:00;9.9900000;10.1400000;9.5100000;9.5400000;59337494
03/04/18;00:00:00;9.6300000;9.7700000;9.3000000;9.5400000;49894619
04/04/18;00:00:00;9.0700000;9.8100000;9.0400000;9.7750000;60378536
05/04/18;00:00:00;10.0500000;10.2000000;9.9100000;10.0200000;57997869
06/04/18;00:00:00;9.8300000;10.1000000;9.5000000;9.6000000;47011327
09/04/18;00:00:00;9.7200000;9.8400000;9.5200000;9.5200000;35360314
10/04/18;00:00:00;9.7500000;10.0400000;9.7100000;9.9900000;38258987
11/04/18;00:00:00;9.8700000;10.0300000;9.7900000;9.8200000;26717687
12/04/18;00:00:00;9.9800000;10.1000000;9.8200000;10.0900000;38160856
13/04/18;00:00:00;10.2000000;10.2200000;9.8800000;9.9400000;35777066
16/04/18;00:00:00;9.9800000;10.1700000;9.9000000;10.1000000;26597198
17/04/18;00:00:00;10.2800000;10.5300000;10.2000000;10.5200000;36063322
18/04/18;00:00:00;10.5100000;10.6500000;10.3300000;10.3700000;38316125
19/04/18;00:00:00;10.1800000;10.3284000;9.9900000;10.1200000;51838747
20/04/18;00:00:00;10.0500000;10.1400000;9.9500000;10.0000000;32930318
23/04/18;00:00:00;10.0900000;10.1900000;9.9700000;10.0300000;34171639
24/04/18;00:00:00;10.1800000;10.3500000;9.9500000;10.0900000;42279989
25/04/18;00:00:00;10.0500000;10.0900000;9.5600000;9.7200000;72370180
26/04/18;00:00:00;10.8700000;11.1900000;10.6100000;11.0300000;132282908
27/04/18;00:00:00;11.2000000;11.3600000;11.0200000;11.1000000;69136444
30/04/18;00:00:00;11.0550000;11.1400000;10.8700000;10.8800000;46930266
01/05/18;00:00:00;10.8300000;11.1500000;10.7700000;11.1200000;35173215
02/05/18;00:00:00;11.1000000;11.1550000;10.9700000;10.9750000;26924275
03/05/18;00:00:00;10.9020000;11.0600000;10.8300000;10.9300000;30801837
04/05/18;00:00:00;10.8800000;11.2900000;10.8701000;11.2800000;44317020
07/05/18;00:00:00;11.3200000;11.6800000;11.3000000;11.5900000;50531848
08/05/18;00:00:00;11.4900000;11.6600000;11.4000000;11.6100000;30821093
09/05/18;00:00:00;11.6500000;11.9800000;11.5700000;11.9500000;44561455
10/05/18;00:00:00;11.9800000;12.1800000;11.9500000;12.1400000;45677949
11/05/18;00:00:00;11.9000000;12.0300000;11.6900000;11.9500000;41208588
14/05/18;00:00:00;12.1200000;12.3600000;12.1100000;12.2200000;45309198
15/05/18;00:00:00;12.1800000;12.4600000;12.1600000;12.4500000;41166140
16/05/18;00:00:00;12.6400000;12.9800000;12.6200000;12.8300000;66575249
17/05/18;00:00:00;12.8000000;12.9000000;12.6600000;12.8200000;34066214
18/05/18;00:00:00;13.0600000;13.2600000;12.9100000;13.0050000;49033936
21/05/18;00:00:00;13.2500000;13.3100000;12.8800000;12.9900000;46390332
22/05/18;00:00:00;13.0000000;13.1400000;12.7100000;12.9750000;40487689
23/05/18;00:00:00;12.9300000;13.1800000;12.9000000;13.1000000;42066984
24/05/18;00:00:00;13.0800000;13.4300000;13.0300000;13.4100000;44511678
25/05/18;00:00:00;13.4000000;13.7200000;13.3600000;13.5400000;41764972
29/05/18;00:00:00;13.4500000;13.6300000;13.2600000;13.3550000;36585165
30/05/18;00:00:00;13.4800000;13.9500000;13.4800000;13.8200000;53803311
31/05/18;00:00:00;13.7400000;13.9300000;13.6900000;13.7200000;40836932
01/06/18;00:00:00;13.9800000;14.4000000;13.9200000;14.4000000;58137820
04/06/18;00:00:00;14.7600000;14.9800000;14.5200000;14.8400000;69277091
05/06/18;00:00:00;14.8500000;14.9185000;14.6300000;14.8400000;42794811
06/06/18;00:00:00;15.0700000;15.7400000;15.0400000;15.6700000;88703865
07/06/18;00:00:00;15.8300000;15.9700000;14.8500000;14.8801000;94042331
08/06/18;00:00:00;14.5200000;15.3300000;14.3100000;15.2400000;76958526
11/06/18;00:00:00;15.2100000;15.8900000;15.0100000;15.7400000;67872160
12/06/18;00:00:00;15.8400000;15.9500000;15.4300000;15.8500000;63044060
13/06/18;00:00:00;15.8100000;16.5200000;15.7800000;16.3200000;80246298
14/06/18;00:00:00;16.6000000;16.7900000;15.5800000;16.2400000;106323287
15/06/18;00:00:00;16.0700000;16.5200000;15.8200000;16.3400000;66852445
18/06/18;00:00:00;16.1800000;17.3400000;16.1300000;17.1100000;97403469
19/06/18;00:00:00;16.8500000;17.2900000;16.3100000;16.6800000;86925478
20/06/18;00:00:00;16.8300000;17.1300000;16.3700000;16.5100000;69350820
21/06/18;00:00:00;16.6500000;16.8700000;15.4600000;15.6500000;90800912
22/06/18;00:00:00;15.7800000;15.9100000;15.5600000;15.7800000;50427763
25/06/18;00:00:00;15.6400000;15.7400000;14.5400000;15.1150000;89328860
26/06/18;00:00:00;15.3200000;15.6000000;15.1000000;15.5100000;49530151
27/06/18;00:00:00;15.6500000;15.7600000;14.9600000;14.9700000;52547231
28/06/18;00:00:00;14.8500000;15.3600000;14.7500000;15.3100000;44741312
29/06/18;00:00:00;15.4100000;15.4900000;14.9800000;14.9800000;37914843
02/07/18;00:00:00;14.8000000;15.1800000;14.7400000;15.1500000;38911315
03/07/18;00:00:00;15.2100000;15.3400000;14.9500000;15.0299000;31222129
05/07/18;00:00:00;15.1300000;15.5000000;15.0200000;15.5000000;35774230
06/07/18;00:00:00;15.5200000;16.3900000;15.4800000;16.3600000;61896194
09/07/18;00:00:00;16.7000000;16.8400000;16.1700000;16.6100000;53338655
10/07/18;00:00:00;16.5900000;16.6500000;16.3100000;16.5500000;32784456
11/07/18;00:00:00;16.1700000;16.5300000;16.0200000;16.2700000;36174390
12/07/18;00:00:00;16.4100000;16.7900000;16.3800000;16.5550000;39670161
13/07/18;00:00:00;16.6600000;16.6900000;16.2200000;16.2700000;34249973
16/07/18;00:00:00;16.4200000;17.0000000;16.4100000;16.5800000;62078039
17/07/18;00:00:00;16.5000000;16.8800000;16.4800000;16.8650000;39280472
18/07/18;00:00:00;16.9400000;16.9900000;16.5500000;16.8499000;38137511
19/07/18;00:00:00;16.7100000;16.8800000;16.5500000;16.7100000;37434888
20/07/18;00:00:00;16.6600000;16.8800000;16.4400000;16.5000000;40692843
23/07/18;00:00:00;16.4700000;16.6800000;15.8950000;16.6500000;41657722
24/07/18;00:00:00;16.7800000;16.8600000;16.1100000;16.1900000;53193729
25/07/18;00:00:00;16.3000000;16.3900000;15.7200000;16.0500000;63602274
26/07/18;00:00:00;17.1600000;18.4500000;16.8300000;18.3500000;173170149
27/07/18;00:00:00;19.0600000;19.8800000;18.3100000;18.9400000;150304729
30/07/18;00:00:00;19.4000000;20.1800000;19.3100000;19.4250000;152577570
31/07/18;00:00:00;19.3200000;19.5000000;18.2700000;18.3400000;110137557
01/08/18;00:00:00;18.3500000;18.9500000;18.3200000;18.4700000;70273881
02/08/18;00:00:00;18.1700000;18.8300000;18.0000000;18.7900000;48897322
03/08/18;00:00:00;18.9400000;19.0566000;18.3700000;18.4900000;47589182
06/08/18;00:00:00;18.8900000;19.4400000;18.4600000;19.4366000;75148121
07/08/18;00:00:00;19.5300000;19.7100000;19.0800000;19.5700000;65001644
08/08/18;00:00:00;19.4600000;19.7700000;19.2550000;19.5800000;49231360
09/08/18;00:00:00;19.5800000;19.7100000;19.0800000;19.1000000;43052649
10/08/18;00:00:00;19.0900000;19.4800000;18.8500000;19.0550000;53956103
13/08/18;00:00:00;19.1700000;19.9300000;19.1200000;19.7200000;77582909
14/08/18;00:00:00;19.9700000;20.2800000;19.6300000;20.0300000;83451394
15/08/18;00:00:00;19.8600000;20.1000000;19.2000000;19.7000000;81049521
16/08/18;00:00:00;19.8600000;20.0700000;19.2500000;19.3300000;58850620
17/08/18;00:00:00;19.1300000;19.8200000;18.7300000;19.7700000;55807825
20/08/18;00:00:00;19.7900000;20.0800000;19.3500000;19.9800000;58919183
21/08/18;00:00:00;19.9800000;20.4150000;19.8600000;20.3900000;51761995
22/08/18;00:00:00;20.2800000;20.9200000;20.2100000;20.9000000;59236890
23/08/18;00:00:00;21.1900000;22.3200000;21.1400000;22.3000000;103851191
24/08/18;00:00:00;22.9100000;24.0000000;22.6700000;23.9800000;154833950
27/08/18;00:00:00;24.9300000;27.3000000;24.6261000;25.2600000;308837961
28/08/18;00:00:00;25.5000000;26.1800000;24.0400000;25.0500000;201941511
29/08/18;00:00:00;24.3600000;25.4100000;24.0100000;25.1900000;133707484
30/08/18;00:00:00;25.2900000;25.6700000;24.7600000;24.8800000;98195406
31/08/18;00:00:00;24.8900000;25.2400000;24.7200000;25.1600000;61050254
04/09/18;00:00:00;25.6300000;28.1100000;25.5675000;28.0657000;182029323
05/09/18;00:00:00;29.3800000;29.9400000;26.8400000;28.5100000;238940619
06/09/18;00:00:00;28.1100000;28.5800000;27.1900000;27.8300000;136354944
07/09/18;00:00:00;26.9700000;28.2700000;26.8000000;27.3828000;116056358
10/09/18;00:00:00;28.1400000;29.9250000;27.8400000;29.8900000;151878809
11/09/18;00:00:00;30.0200000;30.5900000;29.3700000;30.1000000;147581097
12/09/18;00:00:00;29.9100000;32.2900000;29.4500000;32.2200000;186402864
13/09/18;00:00:00;33.1600000;34.1400000;29.8700000;30.4700000;285517035
14/09/18;00:00:00;31.4300000;33.0900000;30.5400000;32.7200000;204137333
17/09/18;00:00:00;31.7500000;33.2300000;31.6000000;32.4285000;170430409
18/09/18;00:00:00;32.9900000;33.3700000;31.2000000;31.9300000;165379239
19/09/18;00:00:00;31.5100000;31.8300000;30.5100000;31.2050000;116483297
20/09/18;00:00:00;32.1000000;32.2000000;30.6400000;31.1800000;111641022
21/09/18;00:00:00;31.1900000;32.4200000;30.9100000;31.0100000;112106651
24/09/18;00:00:00;31.1300000;32.6500000;30.9100000;32.6100000;111045279
25/09/18;00:00:00;33.1800000;33.6000000;32.1900000;32.5750000;109827094
26/09/18;00:00:00;32.4000000;32.6000000;31.7200000;32.1800000;74827326
27/09/18;00:00:00;31.8600000;32.6300000;31.3900000;32.5900000;81549212
28/09/18;00:00:00;32.2200000;32.7800000;29.9800000;30.8900000;155798400
01/10/18;00:00:00;30.6000000;31.9100000;30.2500000;31.4100000;88142123
02/10/18;00:00:00;30.7300000;30.8200000;28.6500000;29.0100000;137225490
03/10/18;00:00:00;29.0350000;29.2200000;26.5400000;28.4200000;176579416
04/10/18;00:00:00;27.9900000;28.8300000;27.3700000;27.7800000;89330825
05/10/18;00:00:00;28.0700000;28.4700000;26.9300000;27.3600000;82688301
08/10/18;00:00:00;26.7300000;27.5400000;25.9600000;26.4650000;99731795
09/10/18;00:00:00;26.1900000;27.7100000;26.0000000;27.2500000;100447027
10/10/18;00:00:00;27.3500000;27.4000000;24.9100000;25.0100000;137978572
11/10/18;00:00:00;24.7700000;26.2000000;24.5500000;25.3000000;135535453
12/10/18;00:00:00;26.7700000;26.9697000;25.6700000;26.3400000;102697975
15/10/18;00:00:00;26.3800000;26.7700000;25.7500000;26.2500000;66625540
16/10/18;00:00:00;26.6300000;28.2300000;26.1700000;28.1701000;84743703
17/10/18;00:00:00;28.4100000;28.5300000;26.9199000;27.3100000;84289625
18/10/18;00:00:00;27.0800000;27.7500000;26.4000000;26.6100000;74336893
19/10/18;00:00:00;27.0600000;27.1000000;23.6000000;23.6590000;122807724
22/10/18;00:00:00;24.4600000;25.6400000;24.0901000;25.0350000;108914122
23/10/18;00:00:00;24.1400000;25.2600000;23.8500000;25.0900000;92240866
24/10/18;00:00:00;25.0400000;25.1000000;22.7500000;22.7900000;104056352
25/10/18;00:00:00;17.9500000;20.1500000;17.7200000;19.2650000;168401357
26/10/18;00:00:00;18.4900000;18.7800000;17.0500000;17.6250000;112903825
29/10/18;00:00:00;18.2100000;18.2300000;16.2700000;16.8600000;88584586
30/10/18;00:00:00;16.4000000;17.2400000;16.1700000;17.2145000;93074735
31/10/18;00:00:00;17.8700000;18.3400000;17.1200000;18.2100000;104244247
01/11/18;00:00:00;18.4100000;20.3300000;18.0800000;20.2200000;127509098
02/11/18;00:00:00;20.5900000;21.0600000;19.4700000;20.2216000;114374919
05/11/18;00:00:00;20.1200000;20.1800000;18.8800000;19.9200000;104087283
06/11/18;00:00:00;19.5100000;21.6500000;19.4800000;20.6900000;136631337
07/11/18;00:00:00;21.4600000;22.2235000;21.0700000;21.8300000;111446411
08/11/18;00:00:00;21.7400000;22.0800000;20.9700000;21.2000000;88730056
09/11/18;00:00:00;20.8000000;21.1900000;20.1100000;21.0300000;80007557
12/11/18;00:00:00;20.6800000;20.8500000;18.8000000;19.0286000;91610936
13/11/18;00:00:00;19.2800000;20.0200000;18.9700000;19.6100000;70602863
14/11/18;00:00:00;20.1800000;21.1100000;19.7599000;20.8200000;101640583
15/11/18;00:00:00;20.7200000;21.7700000;20.4200000;21.5000000;88904919
16/11/18;00:00:00;19.8700000;20.9700000;19.7200000;20.6600000;106799846
19/11/18;00:00:00;20.4000000;20.5900000;19.0900000;19.1200000;88928715
20/11/18;00:00:00;17.4000000;19.5800000;17.1800000;19.2100000;103071282
21/11/18;00:00:00;20.0500000;20.3100000;18.5000000;18.7262000;77186959
23/11/18;00:00:00;18.6100000;19.8300000;18.5600000;19.4400000;53082769
26/11/18;00:00:00;19.9900000;20.1900000;19.1101000;20.0800000;77678099
27/11/18;00:00:00;19.7700000;21.4500000;19.7300000;21.0600000;112420655
28/11/18;00:00:00;21.8200000;21.8800000;20.1800000;21.3400000;127256870
29/11/18;00:00:00;21.1900000;21.6100000;20.7300000;21.4200000;75799432
30/11/18;00:00:00;21.3000000;21.3600000;20.5200000;21.3097000;76254604
03/12/18;00:00:00;22.4900000;23.7500000;22.3700000;23.7000000;132222877
04/12/18;00:00:00;23.3600000;23.4200000;21.0700000;21.1200000;122061062
06/12/18;00:00:00;20.2200000;21.4100000;20.0600000;21.3000000;97728251
07/12/18;00:00:00;21.3000000;21.3799000;19.1700000;19.4600000;101288323
10/12/18;00:00:00;19.3500000;20.1300000;19.2700000;19.9850000;73535106
11/12/18;00:00:00;20.7100000;21.1400000;19.6900000;19.9900000;83552794
12/12/18;00:00:00;20.3200000;21.0200000;19.7100000;20.4900000;95910643
13/12/18;00:00:00;20.6300000;20.8650000;19.7600000;19.8600000;85070738
14/12/18;00:00:00;19.5700000;20.7000000;19.5200000;19.8900000;80437319
17/12/18;00:00:00;20.0100000;20.0250000;18.6350000;18.8300000;107002075
18/12/18;00:00:00;19.1700000;19.8400000;18.8800000;19.5100000;95413432
19/12/18;00:00:00;19.4100000;19.7200000;18.0000000;18.1700000;113301887
20/12/18;00:00:00;18.1100000;18.8600000;17.3400000;17.9500000;112715951
21/12/18;00:00:00;18.1700000;18.3400000;16.7600000;16.9100000;95151693
24/12/18;00:00:00;16.5400000;17.2199000;16.3700000;16.6800000;60282270
26/12/18;00:00:00;16.8900000;17.9100000;16.0300000;17.8900000;104087738
27/12/18;00:00:00;17.4300000;17.7400000;16.4400000;17.4900000;105547625
28/12/18;00:00:00;17.5300000;18.3100000;17.1350000;17.8300000;105441146
31/12/18;00:00:00;18.1500000;18.5101000;17.8500000;18.4600000;81001966
02/01/19;00:00:00;18.0400000;19.0000000;17.9800000;18.8300000;81833248
03/01/19;00:00:00;18.4200000;18.6800000;16.9400000;17.0497000;112531852
04/01/19;00:00:00;17.5600000;19.0700000;17.4300000;19.0000000;106038086
07/01/19;00:00:00;19.4400000;20.6800000;19.0000000;20.5800000;101226884
08/01/19;00:00:00;21.1900000;21.2000000;19.6800000;20.7500000;111455655
09/01/19;00:00:00;20.8900000;21.4400000;20.0700000;20.1800000;156968925
10/01/19;00:00:00;19.7600000;19.8342000;18.9000000;19.7400000;109848157
11/01/19;00:00:00;19.4700000;20.3500000;19.1900000;20.2700000;78538651
14/01/19;00:00:00;19.9600000;20.6200000;19.7500000;20.2350000;66375548
15/01/19;00:00:00;20.4400000;20.6800000;20.2600000;20.3700000;58048229
16/01/19;00:00:00;20.4000000;20.5400000;19.7100000;19.7200000;59949596
17/01/19;00:00:00;19.4900000;20.5100000;19.0200000;20.2549000;80404002
18/01/19;00:00:00;20.3500000;21.0500000;20.0200000;20.7600000;84533233
22/01/19;00:00:00;20.4800000;20.9199000;19.7000000;19.7700000;72786898
23/01/19;00:00:00;20.0200000;20.4800000;19.5500000;19.7900000;73532626
24/01/19;00:00:00;20.0500000;21.0100000;20.0000000;20.8499000;90257479
25/01/19;00:00:00;20.9900000;22.0300000;20.7900000;21.9300000;104326210
28/01/19;00:00:00;20.3150000;21.0100000;20.0200000;20.1847000;124977407
29/01/19;00:00:00;20.2600000;20.3900000;19.0500000;19.2400000;103980071
30/01/19;00:00:00;21.4900000;23.1300000;21.3700000;23.1200000;195210054
31/01/19;00:00:00;23.0200000;25.1400000;22.8300000;24.4400000;172708784
01/02/19;00:00:00;24.6100000;24.8400000;24.0650000;24.5100000;99180157
04/02/19;00:00:00;24.4700000;24.6600000;24.0700000;24.1201000;65949582
05/02/19;00:00:00;23.4200000;23.8600000;22.9800000;23.2900000;112799812
06/02/19;00:00:00;23.6300000;24.1400000;23.2200000;23.2600000;74468202
07/02/19;00:00:00;22.9900000;23.2200000;22.3200000;22.6700000;81716600
08/02/19;00:00:00;22.3200000;23.2800000;22.2700000;23.0600000;72201065
11/02/19;00:00:00;23.0500000;23.2827000;22.6600000;22.9500000;56654451
12/02/19;00:00:00;23.4300000;23.5600000;22.7500000;22.8129000;64094710
13/02/19;00:00:00;22.9800000;23.2400000;22.7138000;22.8500000;54307004
14/02/19;00:00:00;22.7400000;23.3700000;22.5900000;23.1300000;59590727
15/02/19;00:00:00;23.5200000;24.0500000;23.2000000;23.6800000;74139957
19/02/19;00:00:00;23.6200000;24.4050000;23.6050000;23.9500000;54114404
20/02/19;00:00:00;24.1400000;24.3700000;23.9000000;23.9600000;53993252
21/02/19;00:00:00;24.0100000;24.3300000;23.8500000;23.9200000;47061323
22/02/19;00:00:00;24.0900000;24.3600000;23.8800000;24.3600000;48739933
25/02/19;00:00:00;25.0100000;25.5200000;24.6800000;24.7100000;59190851
26/02/19;00:00:00;24.6900000;24.7200000;24.1500000;24.2100000;40152098
27/02/19;00:00:00;24.1400000;24.2299000;23.2100000;23.4800000;58861304
28/02/19;00:00:00;23.2100000;23.6700000;23.1100000;23.5400000;34078906
01/03/19;00:00:00;23.9700000;24.1900000;23.4500000;23.6799000;42059107
04/03/19;00:00:00;23.8900000;24.1300000;23.0100000;23.3700000;45640926
05/03/19;00:00:00;23.3400000;23.6800000;23.0100000;23.5000000;32784852
06/03/19;00:00:00;23.4900000;23.5300000;22.4000000;22.4100000;57409383
07/03/19;00:00:00;22.3300000;22.4101000;21.7300000;22.0700000;48023563
08/03/19;00:00:00;21.3500000;22.0850000;21.0350000;22.0103000;46286762
11/03/19;00:00:00;22.1500000;23.0750000;21.9800000;22.9500000;48641212
12/03/19;00:00:00;23.1000000;23.7950000;22.7800000;23.4800000;53082589
13/03/19;00:00:00;23.6600000;24.1500000;23.3500000;23.3600000;51766832
14/03/19;00:00:00;23.3700000;23.4900000;22.8000000;22.8300000;39426067
15/03/19;00:00:00;23.1000000;23.6500000;23.0100000;23.3000000;41077071
18/03/19;00:00:00;23.3000000;23.6200000;23.0400000;23.2600000;32175388
19/03/19;00:00:00;23.6000000;26.0800000;23.5900000;26.0500000;148004117
20/03/19;00:00:00;26.4900000;26.8800000;25.3100000;25.7000000;140710071
21/03/19;00:00:00;25.7700000;28.1100000;25.7100000;27.8900000;122319957
22/03/19;00:00:00;27.5400000;27.7500000;26.3300000;26.3700000;108855302
25/03/19;00:00:00;26.2900000;26.9900000;25.5400000;25.9500000;73619234
26/03/19;00:00:00;26.6500000;26.9800000;25.4600000;25.7000000;71416607
27/03/19;00:00:00;25.7000000;25.8800000;24.5500000;24.8715000;84289137
28/03/19;00:00:00;25.0800000;25.5600000;24.6500000;25.0650000;60987089
29/03/19;00:00:00;25.5500000;25.7300000;25.2500000;25.5200000;48332853
01/04/19;00:00:00;26.4200000;26.5550000;25.8300000;26.3600000;58154232
02/04/19;00:00:00;26.5100000;26.8000000;26.0900000;26.7500000;48736542
03/04/19;00:00:00;28.0200000;29.9498000;27.8800000;29.0100000;185126282
04/04/19;00:00:00;28.8800000;29.3850000;28.6100000;29.0701000;77782463
05/04/19;00:00:00;29.6400000;29.6900000;28.8000000;28.9900000;60441978
08/04/19;00:00:00;28.7000000;28.9500000;28.1800000;28.5400000;54834801
09/04/19;00:00:00;28.2400000;28.3800000;27.1900000;27.2400000;71328049
10/04/19;00:00:00;27.4600000;28.1200000;27.3200000;27.8350000;59506300
11/04/19;00:00:00;27.8100000;28.0500000;27.4600000;27.7900000;41275020
12/04/19;00:00:00;28.2100000;28.3800000;27.6600000;27.8475000;37124468
15/04/19;00:00:00;27.8400000;27.8400000;26.9600000;27.3300000;37263147
16/04/19;00:00:00;27.7200000;28.1800000;27.4900000;27.9339000;43915280
17/04/19;00:00:00;28.2100000;28.2700000;27.2200000;27.5000000;43649557
18/04/19;00:00:00;27.5600000;27.8800000;27.3400000;27.6767000;36519377
22/04/19;00:00:00;27.6200000;28.2300000;27.3900000;28.1700000;33741636
23/04/19;00:00:00;28.1800000;28.4900000;27.7900000;27.9700000;37648852
24/04/19;00:00:00;28.1000000;28.8500000;27.9300000;28.4600000;48368887
25/04/19;00:00:00;28.5900000;28.8600000;27.3600000;27.6500000;51018674
26/04/19;00:00:00;27.6600000;27.9000000;27.0500000;27.8800000;44311139
29/04/19;00:00:00;27.9000000;28.1400000;27.5000000;27.6811000;40375605
30/04/19;00:00:00;27.5900000;27.8000000;26.9400000;27.6300000;54109037
01/05/19;00:00:00;28.9500000;29.1500000;26.7800000;26.8000000;128188821
02/05/19;00:00:00;26.9300000;28.6400000;26.6100000;28.2900000;95298394
03/05/19;00:00:00;28.3400000;28.4201000;27.6600000;28.2200000;51765834
06/05/19;00:00:00;26.7200000;27.5000000;26.4500000;27.4300000;63818736
07/05/19;00:00:00;27.2000000;27.3500000;26.2100000;26.6600000;70214850
08/05/19;00:00:00;26.4100000;27.7100000;26.2700000;27.0900000;62643730
09/05/19;00:00:00;26.7000000;27.3800000;26.0300000;27.2000000;69634507
10/05/19;00:00:00;27.0300000;28.1000000;26.9300000;27.9500000;79228047
13/05/19;00:00:00;27.0200000;27.2300000;26.1000000;26.2400000;91249990
14/05/19;00:00:00;26.5300000;27.4800000;26.1500000;27.3100000;77059317
15/05/19;00:00:00;26.8700000;27.7900000;26.7300000;27.5800000;52482068
16/05/19;00:00:00;27.3600000;28.3700000;27.2699000;28.0200000;60610327
17/05/19;00:00:00;27.6900000;28.4600000;27.4000000;27.5000000;61616296
20/05/19;00:00:00;26.9300000;27.2400000;26.4900000;26.6800000;65610247
21/05/19;00:00:00;27.1800000;27.3700000;26.9300000;27.3530000;42569232
22/05/19;00:00:00;27.1200000;27.5900000;27.0700000;27.4200000;37402808
23/05/19;00:00:00;26.9800000;27.1000000;26.0300000;26.3600000;63631526
24/05/19;00:00:00;26.6100000;26.9250000;26.4000000;26.4400000;36852239
28/05/19;00:00:00;27.2500000;29.6700000;27.0600000;29.0350000;137958764
29/05/19;00:00:00;29.0000000;29.3200000;27.7300000;28.0800000;94898851
30/05/19;00:00:00;28.3900000;28.5600000;27.6000000;28.0200000;60609986
31/05/19;00:00:00;27.5700000;28.3600000;27.4000000;27.4000000;64624860
03/06/19;00:00:00;28.7500000;29.6200000;27.2900000;27.5750000;139083594
04/06/19;00:00:00;28.3900000;29.5900000;27.9100000;29.5650000;100576744
05/06/19;00:00:00;29.9400000;29.9900000;29.0300000;29.5000000;72676767
06/06/19;00:00:00;29.8700000;31.9800000;29.8400000;31.8400000;123662927
07/06/19;00:00:00;31.9400000;32.6000000;31.5700000;32.4100000;80763841
10/06/19;00:00:00;33.5500000;34.3000000;33.0800000;33.2300000;88218650
11/06/19;00:00:00;33.4300000;33.4900000;31.8200000;32.4100000;76135409
12/06/19;00:00:00;32.0000000;32.5700000;31.9200000;32.1800000;52755802
13/06/19;00:00:00;32.3900000;32.5000000;31.0600000;31.3800000;57546942
14/06/19;00:00:00;30.7000000;30.9600000;30.0200000;30.3500000;64514512
17/06/19;00:00:00;30.2500000;30.4500000;29.1800000;29.1900000;66840474
18/06/19;00:00:00;29.7500000;30.9700000;29.5800000;30.4600000;80127227
19/06/19;00:00:00;30.6500000;30.7900000;30.0600000;30.5000000;57896517
20/06/19;00:00:00;31.2400000;31.3600000;29.8400000;30.0000000;66328872
21/06/19;00:00:00;29.5900000;30.3500000;28.9700000;29.0800000;70643891
24/06/19;00:00:00;29.3100000;29.4000000;28.6700000;29.2500000;49867309
25/06/19;00:00:00;29.2600000;29.7200000;28.8000000;28.8500000;46977377
26/06/19;00:00:00;29.9400000;30.4800000;29.7800000;29.9100000;57193742
27/06/19;00:00:00;30.4100000;30.9600000;30.2100000;30.7300000;50651340
28/06/19;00:00:00;31.0700000;31.1200000;30.3300000;30.3800000;40702331
01/07/19;00:00:00;31.8000000;32.0400000;30.8700000;31.2000000;55000454
02/07/19;00:00:00;30.9900000;31.2600000;30.7300000;31.2600000;34971785
03/07/19;00:00:00;31.1700000;31.3300000;30.7400000;31.1200000;22411126
05/07/19;00:00:00;30.8800000;31.5600000;30.7500000;31.4900000;31489162
08/07/19;00:00:00;31.8000000;32.1500000;31.2600000;32.0500000;44350487
09/07/19;00:00:00;31.7600000;33.1800000;31.7100000;33.1400000;57321824
10/07/19;00:00:00;33.5600000;34.0300000;33.3600000;33.7850000;53946179
11/07/19;00:00:00;33.9100000;34.0000000;32.7600000;33.0600000;58385022
12/07/19;00:00:00;32.7600000;33.3900000;32.5900000;33.2050000;48589881
15/07/19;00:00:00;33.3400000;34.5500000;33.2700000;34.3900000;60986719
16/07/19;00:00:00;34.3000000;34.8600000;33.8000000;33.8200000;62868320
17/07/19;00:00:00;34.0200000;34.3000000;33.4900000;33.5800000;39346259
18/07/19;00:00:00;33.0400000;33.4600000;32.4200000;32.9900000;53209896
19/07/19;00:00:00;33.0800000;33.3500000;32.4500000;32.5100000;36657048
22/07/19;00:00:00;32.7600000;33.3100000;32.7350000;32.8600000;32584063
23/07/19;00:00:00;33.1700000;33.5000000;32.9300000;33.5000000;35585459
24/07/19;00:00:00;33.6400000;34.3600000;33.4500000;34.1100000;38642629
25/07/19;00:00:00;34.0500000;34.2500000;33.6200000;33.6600000;32662513
26/07/19;00:00:00;34.2200000;34.7700000;33.8650000;34.0100000;39325759
29/07/19;00:00:00;34.1400000;34.1800000;32.9800000;33.4800000;41934421
30/07/19;00:00:00;33.2100000;33.9400000;32.9400000;33.8700000;50053794
31/07/19;00:00:00;32.0800000;32.3000000;30.3000000;30.4300000;108407657
01/08/19;00:00:00;30.5000000;31.4800000;29.1000000;29.8600000;75458742
02/08/19;00:00:00;29.5000000;29.7301000;28.9400000;29.4600000;55630065
05/08/19;00:00:00;28.2200000;28.4900000;27.6500000;27.9800000;66440068
06/08/19;00:00:00;28.8500000;29.0500000;28.2000000;28.8500000;51446782
07/08/19;00:00:00;28.4700000;29.2800000;28.3700000;29.1900000;50910989
08/08/19;00:00:00;31.5100000;34.2700000;31.4800000;33.9500000;154232895
09/08/19;00:00:00;33.4600000;35.5500000;33.0800000;34.1800000;123895399
12/08/19;00:00:00;34.1700000;34.6500000;32.0800000;32.4400000;96133750
13/08/19;00:00:00;32.3600000;33.1400000;31.7200000;32.1100000;92178038
14/08/19;00:00:00;31.0600000;31.0600000;29.5100000;30.2500000;118878879
15/08/19;00:00:00;30.6200000;30.7300000;29.2100000;29.6600000;64818811
16/08/19;00:00:00;30.2900000;31.4800000;30.2100000;31.1800000;65456332
19/08/19;00:00:00;32.0000000;32.1900000;31.4200000;31.4600000;58043989
20/08/19;00:00:00;30.9100000;31.3050000;30.4500000;30.7100000;44018634
21/08/19;00:00:00;31.0500000;31.7400000;30.8400000;31.7000000;36940007
22/08/19;00:00:00;31.7800000;31.9200000;30.9800000;31.9100000;44289205
23/08/19;00:00:00;31.3400000;31.8300000;29.4000000;29.5500000;77203044
26/08/19;00:00:00;30.3400000;30.7200000;29.9400000;30.2900000;45619945
27/08/19;00:00:00;30.6000000;30.8900000;29.6000000;30.2000000;47845552
28/08/19;00:00:00;29.9200000;31.1801000;29.7000000;30.7800000;51470775
29/08/19;00:00:00;31.4700000;31.8300000;31.3300000;31.4466000;41154510
30/08/19;00:00:00;31.6000000;31.8650000;31.1300000;31.4301000;37009052
03/09/19;00:00:00;30.9000000;31.1400000;30.6800000;30.9000000;34188623
04/09/19;00:00:00;31.3100000;31.8300000;30.8500000;30.9400000;42213015
05/09/19;00:00:00;31.7500000;32.0500000;31.1200000;31.5000000;52811188
06/09/19;00:00:00;31.4600000;31.5100000;30.4800000;30.5699000;48337717
09/09/19;00:00:00;30.9200000;31.1752000;30.2400000;30.5100000;49792228
10/09/19;00:00:00;30.2200000;30.3800000;29.7700000;30.2500000;44556141
11/09/19;00:00:00;30.3800000;30.4300000;29.5100000;29.7742000;45734645
12/09/19;00:00:00;30.0800000;30.8400000;29.9500000;30.2200000;49799036
13/09/19;00:00:00;30.2700000;30.8500000;29.9500000;30.7100000;42724767
16/09/19;00:00:00;30.3700000;31.1500000;30.2600000;30.8300000;33853420
17/09/19;00:00:00;31.0900000;31.3200000;30.7400000;31.0000000;31385668
18/09/19;00:00:00;30.7600000;30.8930000;29.8800000;30.4300000;40727075
19/09/19;00:00:00;30.5700000;30.9600000;30.1400000;30.2697000;37020274
20/09/19;00:00:00;30.3400000;30.4700000;29.6500000;30.0400000;45414139
23/09/19;00:00:00;30.1200000;30.8000000;30.0700000;30.6476000;40495132
24/09/19;00:00:00;30.5400000;30.7500000;29.2900000;29.5300000;64965444
25/09/19;00:00:00;29.4800000;29.6500000;28.5501000;29.5400000;54174622
26/09/19;00:00:00;29.6700000;29.7700000;29.0000000;29.4716000;37211179
27/09/19;00:00:00;29.1500000;29.7700000;28.3500000;28.7200000;49635136
30/09/19;00:00:00;28.9100000;29.0500000;28.3600000;28.9900000;33645299
01/10/19;00:00:00;29.0500000;29.5400000;28.6400000;28.7600000;34490498
02/10/19;00:00:00;28.4700000;28.8500000;28.0300000;28.3200000;39971294
03/10/19;00:00:00;28.2800000;28.7780000;27.4300000;28.6900000;50160543
04/10/19;00:00:00;28.8800000;29.0600000;28.2800000;29.0000000;31618087
07/10/19;00:00:00;28.9300000;29.6300000;28.8431000;28.9400000;36741003
08/10/19;00:00:00;28.5400000;28.6400000;27.9200000;28.2300000;39735899
09/10/19;00:00:00;28.8000000;28.9500000;28.3500000;28.4635000;32794594
10/10/19;00:00:00;28.5200000;28.8900000;28.0000000;28.4000000;37682404
11/10/19;00:00:00;28.8300000;30.2000000;28.8100000;29.7400000;61279154
14/10/19;00:00:00;29.7600000;30.6100000;29.3800000;30.5400000;40424320
15/10/19;00:00:00;30.7000000;30.9200000;30.1700000;30.7201000;38782052
16/10/19;00:00:00;30.5700000;31.4100000;30.5300000;30.8199000;37757008
17/10/19;00:00:00;31.3000000;31.4000000;30.8600000;31.1500000;33884535
18/10/19;00:00:00;31.0600000;31.3300000;30.2900000;30.9700000;35634482
21/10/19;00:00:00;31.5700000;32.2600000;31.4100000;32.0450000;47271644
22/10/19;00:00:00;32.0600000;32.1500000;31.5000000;31.5100000;33353317
23/10/19;00:00:00;31.0900000;31.6500000;30.8300000;31.3600000;24448518
24/10/19;00:00:00;31.5800000;31.8600000;31.3400000;31.7300000;24775745
25/10/19;00:00:00;31.9000000;32.8600000;31.8300000;32.7100000;42043156
28/10/19;00:00:00;33.1600000;33.9103000;33.1500000;33.7000000;45511265
29/10/19;00:00:00;33.7300000;33.9000000;32.7000000;33.0558000;58656010
30/10/19;00:00:00;32.9300000;33.3400000;32.0350000;33.1400000;71922363
31/10/19;00:00:00;32.9500000;34.3400000;32.8200000;33.9600000;62766424
01/11/19;00:00:00;34.3700000;35.0000000;34.1000000;34.8900000;58627480
04/11/19;00:00:00;35.1900000;36.4500000;34.7600000;36.2800000;75830153
05/11/19;00:00:00;36.5500000;37.1800000;35.9800000;36.1400000;77181778
06/11/19;00:00:00;36.0600000;36.4800000;35.5200000;35.9300000;46940604
07/11/19;00:00:00;36.5100000;36.9900000;36.0300000;36.2800000;49908645
08/11/19;00:00:00;36.0600000;36.5800000;36.0000000;36.2850000;36316605
11/11/19;00:00:00;35.9600000;36.6648000;35.5800000;36.3100000;39826498
12/11/19;00:00:00;36.4300000;37.1300000;36.4000000;36.7000000;44956616
13/11/19;00:00:00;36.6500000;37.9600000;36.5779000;37.5100000;64103156
14/11/19;00:00:00;37.5000000;38.5000000;37.3600000;38.3500000;60429004
15/11/19;00:00:00;38.9400000;39.3700000;38.3400000;38.5500000;57556836
18/11/19;00:00:00;38.6600000;39.9850000;38.6000000;39.8950000;60508159
19/11/19;00:00:00;40.1300000;41.7900000;39.6850000;41.2800000;88053380
20/11/19;00:00:00;40.9900000;41.7500000;40.0700000;40.9700000;72550509
21/11/19;00:00:00;40.4200000;40.7095000;38.6400000;39.5007000;79552749
22/11/19;00:00:00;39.3600000;39.8900000;38.1900000;39.1400000;54111373
25/11/19;00:00:00;39.5000000;40.1700000;39.4950000;39.8000000;42462309
26/11/19;00:00:00;39.2700000;39.4800000;38.8100000;38.9700000;37364159
27/11/19;00:00:00;39.4600000;39.7600000;39.0700000;39.4100000;30751322
29/11/19;00:00:00;39.1000000;39.5150000;39.0200000;39.1399000;16526833
02/12/19;00:00:00;39.3200000;39.4100000;38.4400000;38.7300000;32579353
03/12/19;00:00:00;37.3400000;38.9300000;37.1500000;38.8833000;45931025
04/12/19;00:00:00;39.4100000;39.8200000;39.1300000;39.6900000;38214846
05/12/19;00:00:00;39.9500000;40.2200000;39.5500000;39.6200000;31215539
06/12/19;00:00:00;40.1000000;40.1900000;39.5600000;39.6200000;28200766
09/12/19;00:00:00;39.4600000;39.8400000;38.9100000;38.9150000;25089187
10/12/19;00:00:00;39.1900000;39.7300000;38.8200000;39.4400000;29433306
11/12/19;00:00:00;39.4400000;39.6100000;39.0400000;39.4600000;28879101
12/12/19;00:00:00;39.4100000;42.6200000;39.2500000;42.6150000;80005790
13/12/19;00:00:00;42.3500000;42.9500000;41.0600000;41.1500000;69886521
16/12/19;00:00:00;41.7300000;42.9800000;41.7300000;42.3300000;46865231
17/12/19;00:00:00;42.5100000;43.1050000;42.1500000;42.7807000;38322584
18/12/19;00:00:00;42.8000000;43.0600000;42.2400000;42.3000000;29544034
19/12/19;00:00:00;42.6300000;43.3400000;42.6000000;42.8400000;35285481
20/12/19;00:00:00;43.4400000;44.2600000;43.2600000;44.1600000;50353468
23/12/19;00:00:00;44.5800000;45.6250000;44.3900000;45.4700000;50270371
24/12/19;00:00:00;46.0600000;46.6800000;45.7700000;46.6100000;40697707
26/12/19;00:00:00;46.9900000;47.3100000;45.6600000;46.6400000;52249981
27/12/19;00:00:00;46.8500000;46.8800000;45.9750000;46.1800000;32910973
30/12/19;00:00:00;46.1400000;46.1700000;44.6600000;45.5200000;36964773
31/12/19;00:00:00;45.0800000;46.0900000;44.9223000;45.8700000;27844408
02/01/20;00:00:00;46.8500000;49.2400000;46.6400000;49.1000000;4811033
03/01/20;00:00:00;48.0100000;49.3850000;47.5500000;48.6000000;3374308
06/01/20;00:00:00;48.0100000;48.8600000;47.8700000;48.4000000;2374844
07/01/20;00:00:00;49.3400000;49.3800000;48.0400000;48.2400000;3149034
08/01/20;00:00:00;47.8500000;48.2950000;47.1450000;47.8300000;2968222
09/01/20;00:00:00;48.9600000;49.9600000;48.3900000;48.9600000;4784179
10/01/20;00:00:00;49.2700000;49.2900000;48.0000000;48.1700000;2582455
13/01/20;00:00:00;48.6900000;48.8500000;48.2400000;48.7500000;1639513
14/01/20;00:00:00;48.6100000;49.0300000;47.9100000;48.1950000;1858762
15/01/20;00:00:00;48.2400000;49.0800000;48.1300000;48.5400000;2227813
16/01/20;00:00:00;49.1700000;50.3050000;49.0000000;49.7600000;3409332
17/01/20;00:00:00;50.2400000;51.0450000;49.9000000;50.9200000;3155634
21/01/20;00:00:00;50.9400000;51.8100000;50.7000000;51.0600000;2355808
22/01/20;00:00:00;51.6450000;51.8750000;51.2000000;51.4200000;1999510
23/01/20;00:00:00;51.3600000;51.7400000;50.7500000;51.7000000;1985092
24/01/20;00:00:00;52.3100000;52.8000000;49.4750000;50.3450000;4667454
27/01/20;00:00:00;48.4600000;49.7850000;47.9000000;49.2700000;2034993
28/01/20;00:00:00;50.1300000;50.8450000;49.4800000;50.5550000;2390159
29/01/20;00:00:00;47.8300000;48.0600000;46.1000000;47.5100000;6562663
30/01/20;00:00:00;46.4900000;48.8100000;46.1600000;48.7700000;3164432
31/01/20;00:00:00;48.0900000;48.0950000;46.7900000;46.9700000;2715507
03/02/20;00:00:00;46.4200000;48.1000000;46.2300000;48.0300000;2520058
04/02/20;00:00:00;49.2600000;49.7400000;48.6200000;49.4600000;2520598
05/02/20;00:00:00;50.3100000;50.4100000;49.3200000;49.8400000;2598732
06/02/20;00:00:00;48.7400000;49.3850000;47.6350000;49.3200000;2478071
07/02/20;00:00:00;48.8100000;50.6550000;48.6400000;49.7300000;3398894
10/02/20;00:00:00;49.4500000;52.3000000;49.3500000;52.2700000;3187009
11/02/20;00:00:00;53.1800000;54.4800000;52.9100000;53.8000000;4114361
12/02/20;00:00:00;54.5400000;54.8400000;53.5300000;53.9000000;2137471
13/02/20;00:00:00;53.3700000;55.0250000;53.3600000;54.5400000;2359325
14/02/20;00:00:00;55.2200000;55.4000000;54.5700000;55.3200000;1940678
18/02/20;00:00:00;54.9150000;58.1250000;54.8400000;56.8900000;3629244
19/02/20;00:00:00;57.9750000;59.2700000;57.5200000;58.9100000;3151834
20/02/20;00:00:00;58.4150000;59.0100000;56.1600000;57.2800000;4456817
21/02/20;00:00:00;56.7800000;56.7800000;52.8900000;53.2700000;5611924
24/02/20;00:00:00;48.1750000;50.2700000;47.5000000;49.1000000;3070534
25/02/20;00:00:00;51.1500000;51.2400000;47.1200000;47.5650000;2991698
26/02/20;00:00:00;47.5800000;49.2800000;47.0700000;47.4800000;4306772
27/02/20;00:00:00;45.3800000;46.2300000;42.2300000;44.0000000;3768954
28/02/20;00:00:00;41.4000000;46.1400000;41.0500000;45.4800000;3500378
02/03/20;00:00:00;47.4400000;47.6700000;44.6700000;47.4500000;6506771
03/03/20;00:00:00;49.0100000;50.2000000;45.6700000;46.7100000;10309393
04/03/20;00:00:00;48.2250000;50.1250000;47.2200000;50.1000000;4914843
05/03/20;00:00:00;48.6300000;49.7100000;47.5200000;48.1400000;4237675
06/03/20;00:00:00;49.4800000;49.5000000;46.7400000;48.5800000;6799338
09/03/20;00:00:00;43.1000000;46.3400000;42.5400000;43.3000000;3788078
10/03/20;00:00:00;45.4100000;45.4200000;43.1000000;45.3400000;3210094
11/03/20;00:00:00;44.1500000;45.9700000;43.8200000;45.6800000;5556989
12/03/20;00:00:00;42.0300000;42.5000000;39.0000000;39.0000000;4802975
13/03/20;00:00:00;42.1900000;43.9000000;39.6000000;43.8700000;4439538
16/03/20;00:00:00;39.0800000;43.3700000;38.5200000;38.6500000;3654610
17/03/20;00:00:00;40.1900000;42.8700000;38.3000000;41.8500000;5081459
18/03/20;00:00:00;39.6700000;41.9200000;36.7600000;38.9400000;10187078
19/03/20;00:00:00;39.5400000;41.7000000;37.7000000;39.7700000;5321523
20/03/20;00:00:00;41.4800000;42.4800000;39.5800000;39.6100000;9468873
23/03/20;00:00:00;40.6400000;42.3100000;38.9600000;41.6700000;6920817
24/03/20;00:00:00;44.0400000;46.8100000;44.0000000;46.2100000;6668590
25/03/20;00:00:00;46.7700000;47.8700000;44.4300000;44.6300000;6775947
26/03/20;00:00:00;45.7800000;47.5000000;45.4100000;47.4800000;5209965
27/03/20;00:00:00;46.3000000;47.9700000;45.9100000;46.5700000;4800862
30/03/20;00:00:00;47.1800000;48.4500000;46.6700000;47.8400000;3600056
31/03/20;00:00:00;47.7500000;48.5200000;45.1600000;45.4700000;4075064
01/04/20;00:00:00;44.2500000;46.8400000;43.1600000;43.6700000;5462124
02/04/20;00:00:00;43.3900000;45.2800000;43.1000000;44.4900000;4641056
03/04/20;00:00:00;44.3000000;44.8350000;41.7100000;42.6000000;4753637
06/04/20;00:00:00;44.3300000;47.5500000;44.0700000;47.5000000;4972847
07/04/20;00:00:00;49.0150000;49.6500000;46.6800000;47.5400000;6367636
08/04/20;00:00:00;48.1550000;49.0000000;47.6100000;48.7800000;4104102
09/04/20;00:00:00;49.6500000;50.2500000;47.7300000;48.3600000;5311653
13/04/20;00:00:00;48.4300000;51.0600000;48.2300000;50.9450000;3719704
14/04/20;00:00:00;52.2600000;55.1300000;52.1100000;54.9400000;5146461
15/04/20;00:00:00;53.7400000;55.5600000;53.4200000;55.0100000;4092236
16/04/20;00:00:00;55.9100000;58.0700000;55.6400000;56.9100000;6174343
17/04/20;00:00:00;57.4200000;57.7500000;55.5600000;56.6000000;4645053
20/04/20;00:00:00;55.9800000;58.6200000;55.8500000;56.9200000;3863630
21/04/20;00:00:00;57.0400000;57.7200000;51.4100000;52.9200000;8442945
22/04/20;00:00:00;54.9500000;56.1400000;54.3400000;55.9200000;3750082
23/04/20;00:00:00;56.6500000;57.2850000;55.6500000;55.8600000;4333286
24/04/20;00:00:00;55.1000000;56.7700000;54.4300000;56.1600000;4985147
27/04/20;00:00:00;57.4700000;57.9900000;56.2600000;56.5100000;3680968
28/04/20;00:00:00;57.2000000;57.3500000;55.3100000;55.5300000;3907097
29/04/20;00:00:00;54.5300000;54.8600000;52.7400000;53.6700000;6158769
30/04/20;00:00:00;53.6550000;54.2800000;52.0400000;52.3700000;2497285
01/05/20;00:00:00;51.0850000;51.9400000;49.1000000;49.9000000;4326829
04/05/20;00:00:00;49.8150000;52.6000000;49.7400000;52.5900000;3469056
05/05/20;00:00:00;53.4300000;53.5000000;51.2900000;52.1700000;3405177
06/05/20;00:00:00;52.4200000;53.3100000;51.8850000;52.1500000;3271063
07/05/20;00:00:00;52.9300000;52.9600000;51.6300000;51.9400000;3209361
08/05/20;00:00:00;52.1500000;53.2650000;51.8300000;53.1900000;2584326
11/05/20;00:00:00;52.8900000;55.8900000;52.7700000;55.7300000;4522058
12/05/20;00:00:00;56.1850000;56.5800000;53.7500000;53.7600000;3954088
13/05/20;00:00:00;54.0400000;55.2100000;51.3000000;52.1300000;6515330
14/05/20;00:00:00;52.1000000;54.5400000;51.6200000;54.5300000;5416043
15/05/20;00:00:00;53.2800000;54.4350000;52.8600000;54.2200000;4495352
18/05/20;00:00:00;55.2100000;55.2400000;54.2400000;54.5800000;3432764
19/05/20;00:00:00;54.4200000;56.7300000;54.3700000;55.4500000;4157380
20/05/20;00:00:00;56.5500000;56.9800000;55.6300000;56.3800000;3427908
21/05/20;00:00:00;56.6800000;56.6800000;54.6200000;54.6400000;3286754
22/05/20;00:00:00;54.7300000;55.3700000;53.7800000;55.1600000;3301512
26/05/20;00:00:00;56.0800000;56.0800000;53.0300000;53.1900000;4222689
27/05/20;00:00:00;53.2400000;53.2400000;49.1000000;52.7400000;8689739
28/05/20;00:00:00;52.2300000;53.5300000;51.2500000;51.7300000;4575801
29/05/20;00:00:00;52.0400000;53.8000000;51.8500000;53.5300000;4832494
01/06/20;00:00:00;53.3200000;54.1000000;52.8900000;53.6300000;1596578
02/06/20;00:00:00;53.4600000;53.5700000;52.0200000;53.5300000;2059394
03/06/20;00:00:00;53.6000000;53.6400000;52.3400000;52.7300000;2329399
04/06/20;00:00:00;52.5500000;53.7300000;52.2000000;52.6300000;2428311
05/06/20;00:00:00;52.9900000;53.5600000;52.0800000;53.0900000;2770377
08/06/20;00:00:00;53.3000000;53.3500000;52.2700000;52.9700000;1728623
09/06/20;00:00:00;52.8600000;56.4500000;52.7400000;56.3800000;3945065
10/06/20;00:00:00;57.2500000;59.0000000;57.0400000;57.4500000;3750539
11/06/20;00:00:00;55.9400000;56.6600000;52.8000000;52.8400000;2948246
12/06/20;00:00:00;55.0100000;55.6000000;52.1100000;53.5100000;3054851
15/06/20;00:00:00;52.5100000;54.7200000;52.4300000;54.6900000;2269964
16/06/20;00:00:00;55.7400000;56.0600000;53.6000000;54.4600000;2357391
17/06/20;00:00:00;54.8000000;55.8000000;54.3100000;54.5400000;1442544
18/06/20;00:00:00;54.5200000;55.1200000;53.6550000;54.0300000;1490425
19/06/20;00:00:00;54.5500000;55.4500000;53.8300000;54.2200000;1912275
22/06/20;00:00:00;54.7200000;55.1600000;53.7450000;54.7600000;1584750
23/06/20;00:00:00;55.0500000;55.3600000;53.8800000;54.0000000;1717998
24/06/20;00:00:00;53.9000000;54.7400000;51.9300000;52.4000000;2049564
25/06/20;00:00:00;52.5600000;52.6900000;50.5450000;51.9200000;1944786
26/06/20;00:00:00;51.8500000;51.9200000;49.4500000;50.1100000;2551594
29/06/20;00:00:00;50.0800000;50.2700000;48.4200000;50.2700000;1839192
30/06/20;00:00:00;51.1600000;52.7250000;50.8300000;52.5600000;1686811
01/07/20;00:00:00;52.6200000;52.8600000;51.6100000;52.5700000;1335262
02/07/20;00:00:00;53.1100000;53.1900000;52.0600000;52.3400000;1224472
06/07/20;00:00:00;52.9000000;53.5200000;52.3400000;53.3800000;1292584
07/07/20;00:00:00;53.3900000;54.1600000;52.8700000;52.9300000;1212908
08/07/20;00:00:00;53.0400000;53.4650000;52.0700000;53.4300000;1249754
09/07/20;00:00:00;53.5200000;57.5800000;53.3300000;57.2900000;3240562
10/07/20;00:00:00;57.5800000;58.1500000;55.5200000;55.8900000;2221510
13/07/20;00:00:00;56.7200000;58.3200000;53.3800000;53.5800000;2384893
14/07/20;00:00:00;53.4900000;54.8600000;52.2700000;54.7100000;1902903
15/07/20;00:00:00;54.9600000;55.3700000;53.6000000;55.3500000;1543695
16/07/20;00:00:00;54.6800000;55.1200000;53.7450000;54.9300000;1439501
17/07/20;00:00:00;55.2400000;55.7900000;54.6900000;55.0500000;1250693
20/07/20;00:00:00;55.2700000;57.5300000;54.8400000;57.4800000;1664965
21/07/20;00:00:00;57.8200000;58.5000000;56.3200000;56.9900000;1579475
22/07/20;00:00:00;57.0900000;62.0000000;57.0000000;61.7900000;3494469
23/07/20;00:00:00;61.7100000;62.3000000;58.6400000;59.5900000;3472945
24/07/20;00:00:00;64.1500000;69.9300000;64.0600000;69.4200000;6231225
27/07/20;00:00:00;69.3200000;71.6100000;67.8000000;68.9800000;2642914
28/07/20;00:00:00;68.1300000;69.7950000;67.0400000;67.7600000;1942803
29/07/20;00:00:00;75.4950000;77.1900000;73.9000000;76.0900000;3444791
30/07/20;00:00:00;75.3700000;78.9600000;75.0700000;78.2000000;2816057
31/07/20;00:00:00;78.7100000;78.9300000;75.3700000;77.4200000;2295001
03/08/20;00:00:00;78.1900000;78.5000000;77.0900000;77.6450000;1593224
04/08/20;00:00:00;78.0300000;85.8050000;77.9900000;85.0400000;4645123
05/08/20;00:00:00;85.0300000;86.3000000;83.3300000;85.4300000;1825255
06/08/20;00:00:00;85.4600000;86.9700000;84.7900000;86.7100000;1524331
07/08/20;00:00:00;86.6700000;87.2800000;82.6900000;84.8600000;2292760
10/08/20;00:00:00;85.0100000;85.0200000;79.3900000;82.1900000;1819643
11/08/20;00:00:00;80.5700000;80.5800000;76.1200000;76.9000000;2376512
12/08/20;00:00:00;78.4600000;82.8700000;77.5600000;82.5700000;2217175
13/08/20;00:00:00;82.9400000;84.0200000;81.5500000;81.8300000;1446170
14/08/20;00:00:00;81.6400000;83.2100000;80.8900000;81.2700000;1149600
17/08/20;00:00:00;82.0800000;83.0600000;81.5600000;82.4000000;1027544
18/08/20;00:00:00;82.8500000;82.8600000;81.0300000;81.6700000;1025407
19/08/20;00:00:00;81.8000000;81.8200000;80.4700000;81.0900000;1073934
20/08/20;00:00:00;79.5200000;82.8400000;79.1600000;82.7700000;1559297
21/08/20;00:00:00;83.0600000;84.3900000;82.2300000;83.8200000;1620938
24/08/20;00:00:00;84.5400000;85.3250000;82.5600000;83.1100000;1156496
25/08/20;00:00:00;83.2500000;86.6200000;82.3700000;86.3000000;1909874
26/08/20;00:00:00;86.9700000;87.7000000;85.2000000;86.0300000;1667501
27/08/20;00:00:00;86.3400000;86.5600000;82.9500000;83.8300000;1401895
28/08/20;00:00:00;84.3300000;86.0300000;84.2600000;85.5400000;1383589
31/08/20;00:00:00;85.3200000;92.6400000;85.2500000;90.8900000;2429825
01/09/20;00:00:00;91.8500000;92.4600000;90.2000000;92.2100000;1594521
02/09/20;00:00:00;94.0200000;94.2600000;88.7500000;90.2100000;1568019
03/09/20;00:00:00;87.8400000;88.4600000;81.6000000;82.5500000;2586003
04/09/20;00:00:00;81.4000000;84.3700000;76.3650000;82.0200000;2508589
08/09/20;00:00:00;78.1300000;81.8700000;78.0000000;78.7500000;1666298
09/09/20;00:00:00;81.3200000;82.4100000;79.2900000;81.9100000;1716941
10/09/20;00:00:00;83.0600000;83.2900000;78.4000000;78.9600000;1230366
11/09/20;00:00:00;79.8200000;79.8400000;75.0500000;76.3400000;1455301
14/09/20;00:00:00;76.8000000;78.8100000;76.2700000;77.8900000;1095574
15/09/20;00:00:00;77.7700000;80.3300000;75.9800000;78.9600000;1321378
16/09/20;00:00:00;79.5000000;79.6900000;76.5400000;76.6800000;1156199
17/09/20;00:00:00;74.8400000;76.6200000;74.2200000;76.5600000;1500585
18/09/20;00:00:00;77.0200000;77.3800000;73.8600000;74.9100000;1426874
21/09/20;00:00:00;74.2100000;77.9700000;73.8800000;77.9700000;1890996
22/09/20;00:00:00;78.3300000;78.7500000;75.2800000;77.7000000;1890407
23/09/20;00:00:00;77.3900000;77.9000000;74.3500000;74.7200000;1586183
24/09/20;00:00:00;74.3100000;77.2500000;73.9200000;75.8100000;2200683
25/09/20;00:00:00;76.3300000;78.1900000;74.6700000;78.0500000;1632321
28/09/20;00:00:00;79.0900000;79.5600000;77.5300000;79.5100000;1597516
29/09/20;00:00:00;79.3400000;82.5400000;79.3400000;81.7500000;1808405
30/09/20;00:00:00;81.7500000;82.9300000;80.6700000;81.9600000;1879524
01/10/20;00:00:00;83.0600000;85.2450000;82.8800000;84.8900000;2084928
02/10/20;00:00:00;82.5000000;84.6400000;81.6650000;81.8600000;2297443
05/10/20;00:00:00;82.5900000;86.2700000;82.5900000;86.1200000;1606114
06/10/20;00:00:00;86.2500000;87.2400000;83.5600000;84.4900000;1847129
07/10/20;00:00:00;86.1000000;87.7800000;85.6600000;86.6900000;1535714
08/10/20;00:00:00;88.0500000;88.6900000;85.9700000;86.5000000;1857317
09/10/20;00:00:00;84.7700000;85.7400000;82.3500000;83.1200000;2994718
12/10/20;00:00:00;83.7400000;85.1200000;83.1400000;84.3100000;1774636
13/10/20;00:00:00;84.9200000;86.0700000;83.9900000;85.2600000;1642231
14/10/20;00:00:00;85.8000000;85.9600000;83.4600000;84.2000000;1363220
15/10/20;00:00:00;83.4100000;84.7200000;82.4200000;83.1500000;1402425
16/10/20;00:00:00;83.5400000;83.9800000;82.4200000;83.1900000;1412560
19/10/20;00:00:00;83.6200000;84.6500000;81.5300000;82.0100000;1529413
20/10/20;00:00:00;82.1600000;82.6700000;80.5900000;81.5500000;1593447
21/10/20;00:00:00;81.7200000;81.9000000;79.2000000;79.2200000;1734512
22/10/20;00:00:00;79.6500000;80.8200000;78.4300000;79.4300000;1819424
23/10/20;00:00:00;80.8100000;81.9800000;79.3300000;81.9700000;2208960
26/10/20;00:00:00;82.5600000;84.9500000;80.8700000;82.2500000;2040399
27/10/20;00:00:00;81.9400000;82.3600000;77.5800000;78.8000000;5085545
28/10/20;00:00:00;78.7000000;78.9500000;75.7600000;76.3900000;3591244
29/10/20;00:00:00;76.7500000;79.1700000;76.2900000;78.0200000;3176983
30/10/20;00:00:00;77.1000000;77.6800000;74.2400000;75.3000000;2631387
02/11/20;00:00:00;75.8100000;76.3200000;73.7600000;74.6800000;1631824
03/11/20;00:00:00;74.9300000;77.0700000;74.6300000;76.5700000;1864913
04/11/20;00:00:00;80.2000000;81.8500000;78.9900000;81.3500000;2585880
05/11/20;00:00:00;83.2700000;83.4700000;81.8600000;82.9800000;2534765
06/11/20;00:00:00;83.5200000;86.0800000;82.6800000;85.8600000;2794588
09/11/20;00:00:00;84.4700000;87.0500000;82.7900000;83.0800000;2833436
10/11/20;00:00:00;81.9300000;82.1200000;77.6600000;78.0100000;2877403
11/11/20;00:00:00;79.4000000;81.4600000;78.9800000;81.2800000;2025128
12/11/20;00:00:00;81.2600000;82.8300000;80.3700000;81.8200000;1774846
13/11/20;00:00:00;82.7100000;83.1100000;80.7100000;81.4300000;1265387
16/11/20;00:00:00;81.2100000;83.7800000;80.5000000;83.7500000;1844072
17/11/20;00:00:00;83.8900000;84.8000000;82.9300000;83.3800000;1174761
18/11/20;00:00:00;83.0800000;83.9500000;82.2400000;82.5300000;1385649
19/11/20;00:00:00;82.3800000;85.6400000;81.8000000;85.5900000;2326173
20/11/20;00:00:00;85.2800000;86.1000000;84.4700000;84.6100000;1586278
23/11/20;00:00:00;85.5200000;87.5100000;84.6300000;85.3100000;1951626
24/11/20;00:00:00;85.8300000;86.1000000;83.3200000;85.0600000;1588969
25/11/20;00:00:00;85.6300000;87.8300000;85.5600000;86.7300000;2026684
27/11/20;00:00:00;87.9800000;87.9900000;86.3600000;87.2200000;981159
30/11/20;00:00:00;87.3300000;92.7400000;86.5400000;92.7200000;3372758
01/12/20;00:00:00;92.2600000;93.8900000;90.7900000;92.6100000;2582235
02/12/20;00:00:00;92.8500000;96.3700000;92.5300000;93.7300000;2387525
03/12/20;00:00:00;94.0600000;94.6900000;92.0200000;92.3200000;1596825
04/12/20;00:00:00;92.5800000;94.5800000;90.6300000;94.0200000;1717972
07/12/20;00:00:00;94.8800000;94.9200000;92.9700000;94.0600000;1459553
08/12/20;00:00:00;94.0500000;94.7400000;91.9100000;92.9200000;1244743
09/12/20;00:00:00;92.7500000;94.6900000;89.1750000;89.8400000;2260727
10/12/20;00:00:00;89.3400000;92.0800000;89.0600000;91.6400000;1597303
11/12/20;00:00:00;91.4800000;92.3200000;90.1600000;91.6400000;1364824
14/12/20;00:00:00;92.2050000;95.4100000;91.8500000;94.7600000;1963756
15/12/20;00:00:00;95.9800000;97.9700000;95.4600000;97.1200000;2144104
16/12/20;00:00:00;97.1400000;97.2700000;95.4900000;96.8200000;1480945
17/12/20;00:00:00;97.5300000;97.9200000;96.2600000;96.8600000;1311612
18/12/20;00:00:00;97.2500000;97.6600000;93.6200000;95.8000000;2236455
21/12/20;00:00:00;94.3000000;95.2600000;91.0900000;93.2600000;2117219
22/12/20;00:00:00;93.3650000;93.5200000;90.5600000;93.1500000;1600957
23/12/20;00:00:00;93.0600000;93.0900000;91.4600000;91.5600000;1367610
24/12/20;00:00:00;91.7900000;92.5100000;91.3400000;91.8200000;864013
28/12/20;00:00:00;92.9800000;93.1200000;90.8300000;91.6200000;1053999
29/12/20;00:00:00;91.6900000;92.4500000;89.4600000;90.6200000;1450308
30/12/20;00:00:00;90.8300000;92.8500000;90.1900000;92.2800000;1124416
31/12/20;00:00:00;92.1400000;92.2800000;90.8700000;91.6800000;1220876
04/01/21;00:00:00;92.1400000;96.0600000;90.9300000;92.3000000;2715247
05/01/21;00:00:00;92.1200000;93.1900000;91.4400000;92.7800000;1439162
06/01/21;00:00:00;91.6200000;92.2700000;89.4700000;90.3300000;2356670
07/01/21;00:00:00;91.3300000;95.5100000;91.2000000;95.0900000;2088129
08/01/21;00:00:00;95.9600000;96.3900000;93.2800000;94.5700000;1954003
11/01/21;00:00:00;94.0300000;99.2200000;93.7700000;97.2300000;2431424
12/01/21;00:00:00;97.8000000;98.9700000;94.0800000;95.3600000;2835339
13/01/21;00:00:00;92.9500000;93.8700000;90.8500000;91.7800000;2853703
14/01/21;00:00:00;91.7700000;92.3600000;90.4600000;90.7900000;2544567
15/01/21;00:00:00;90.8500000;91.5800000;87.8650000;88.1400000;2604608
19/01/21;00:00:00;89.5300000;89.5650000;87.2500000;89.4500000;1841421
20/01/21;00:00:00;90.5300000;90.7700000;88.6000000;88.7500000;1469527
21/01/21;00:00:00;89.2900000;92.0500000;88.4300000;91.5200000;2467780
22/01/21;00:00:00;94.4200000;95.9400000;91.8850000;92.7800000;2982815
25/01/21;00:00:00;94.1100000;95.7100000;91.4100000;94.1500000;1943739
26/01/21;00:00:00;95.0000000;95.7100000;93.6300000;94.7100000;1613993
27/01/21;00:00:00;91.0600000;91.8700000;86.2300000;88.9000000;3589144
28/01/21;00:00:00;89.8800000;89.8800000;87.3100000;87.5200000;2736935
29/01/21;00:00:00;87.5500000;88.3200000;85.0300000;85.6100000;3225466
01/02/21;00:00:00;86.7700000;87.9400000;84.6700000;87.6700000;1945891
02/02/21;00:00:00;88.4900000;89.2700000;86.9700000;88.8700000;1549658
03/02/21;00:00:00;88.5900000;89.4600000;87.3500000;87.9000000;1318214
04/02/21;00:00:00;88.2200000;88.5900000;87.0600000;87.8500000;1363470
05/02/21;00:00:00;88.1500000;88.3600000;86.8800000;87.8400000;1530901
08/02/21;00:00:00;88.3900000;91.9900000;87.9800000;91.4500000;2155897
09/02/21;00:00:00;91.4300000;92.4000000;90.5600000;90.9000000;1629199
10/02/21;00:00:00;91.5000000;93.2650000;90.4800000;92.3400000;1785239
11/02/21;00:00:00;92.9000000;93.6500000;91.3600000;92.6800000;1485661
12/02/21;00:00:00;92.5400000;94.2200000;91.9200000;93.7900000;1746930
16/02/21;00:00:00;93.9000000;93.9000000;90.7600000;91.4700000;1397888
17/02/21;00:00:00;90.8200000;90.9000000;88.5900000;89.9400000;1560653
18/02/21;00:00:00;89.0800000;89.5900000;87.3200000;88.6400000;1596292
19/02/21;00:00:00;89.7500000;90.4100000;88.7000000;89.6000000;1546381
22/02/21;00:00:00;88.1500000;88.3000000;85.2400000;85.3900000;1869583
23/02/21;00:00:00;83.4000000;85.1000000;79.3600000;84.7300000;2576166
24/02/21;00:00:00;84.3300000;87.0800000;82.8200000;86.9200000;2201216
25/02/21;00:00:00;86.1700000;87.0700000;81.9200000;82.4100000;3237892
26/02/21;00:00:00;83.5800000;85.5700000;82.9200000;84.5000000;3233377
01/03/21;00:00:00;85.4100000;86.4900000;83.9700000;86.4100000;2031523
02/03/21;00:00:00;86.9200000;86.9300000;84.0800000;84.1100000;1866358
03/03/21;00:00:00;84.1800000;84.3700000;80.8500000;80.8600000;2711923
04/03/21;00:00:00;80.2300000;81.8000000;76.8100000;77.8000000;3471242
05/03/21;00:00:00;79.0200000;79.4800000;74.2100000;78.5400000;3959014
08/03/21;00:00:00;78.0600000;78.9900000;73.8600000;73.9500000;3090320
09/03/21;00:00:00;76.7200000;79.2100000;75.8000000;78.5300000;2289588
10/03/21;00:00:00;79.7800000;80.0300000;77.4100000;77.4800000;2442685
11/03/21;00:00:00;79.4500000;81.8900000;79.3900000;81.2300000;2181703
12/03/21;00:00:00;79.7100000;81.1800000;79.2300000;81.0600000;1687245
15/03/21;00:00:00;81.9850000;83.3800000;81.2000000;82.5000000;1880077
16/03/21;00:00:00;83.6400000;84.7500000;82.2600000;82.7700000;1763828
17/03/21;00:00:00;81.7500000;83.2500000;80.4200000;82.6400000;2018332
18/03/21;00:00:00;81.0400000;81.5900000;78.0200000;78.1300000;2493152
19/03/21;00:00:00;78.4900000;79.3300000;77.6000000;79.0400000;2018957
22/03/21;00:00:00;80.0200000;81.2600000;79.2400000;80.2900000;1738159
23/03/21;00:00:00;80.1500000;80.3400000;77.9500000;78.3900000;2377958
24/03/21;00:00:00;77.5450000;78.8000000;76.4100000;76.4300000;2329695
25/03/21;00:00:00;75.8600000;76.9400000;74.9700000;76.2300000;2276377
26/03/21;00:00:00;76.6200000;77.4900000;75.0400000;77.4100000;2599337
29/03/21;00:00:00;77.0100000;78.0000000;76.2700000;77.1500000;1940717
30/03/21;00:00:00;76.4700000;76.5500000;74.8500000;76.0100000;2406207
31/03/21;00:00:00;76.5800000;79.1200000;76.5200000;78.5000000;2149567
01/04/21;00:00:00;80.1800000;81.3000000;79.4900000;81.0900000;2349127
05/04/21;00:00:00;81.7400000;81.8800000;80.3900000;81.4100000;1328015
06/04/21;00:00:00;81.2300000;82.4500000;80.9000000;81.4300000;1193517
07/04/21;00:00:00;81.3500000;83.0900000;80.3600000;82.1800000;1416244
08/04/21;00:00:00;83.3300000;83.7700000;82.4500000;83.4000000;2261708
09/04/21;00:00:00;82.8000000;83.5900000;82.1600000;82.7500000;1879829
12/04/21;00:00:00;82.0900000;82.1500000;78.0350000;78.6200000;2942612
13/04/21;00:00:00;79.7100000;80.7200000;78.9900000;80.1900000;1567389
14/04/21;00:00:00;79.8800000;80.1100000;77.9400000;78.5600000;1660776
15/04/21;00:00:00;80.3000000;83.9400000;79.9900000;83.0200000;3314783
16/04/21;00:00:00;83.3300000;83.5800000;81.5300000;82.1800000;2193418
19/04/21;00:00:00;82.1300000;83.1800000;80.4000000;81.1300000;1641141
20/04/21;00:00:00;80.8200000;81.1000000;78.5200000;79.2600000;1769687
21/04/21;00:00:00;78.9900000;81.6500000;78.8700000;81.6100000;1617405
22/04/21;00:00:00;81.6300000;81.7900000;78.5900000;79.0600000;2219017
23/04/21;00:00:00;80.0800000;83.2900000;79.9600000;82.7600000;2375587
26/04/21;00:00:00;83.3800000;85.8900000;82.7100000;85.4650000;2131981
27/04/21;00:00:00;85.6900000;87.1400000;85.1300000;85.2400000;2473701
28/04/21;00:00:00;88.8500000;89.2000000;83.9200000;84.0200000;4427960
29/04/21;00:00:00;84.7000000;85.2600000;82.6400000;83.9500000;2622223
30/04/21;00:00:00;82.9700000;84.0800000;81.4200000;81.5800000;2500056
03/05/21;00:00:00;81.9700000;81.9700000;78.4600000;78.5500000;2868597
04/05/21;00:00:00;77.9700000;78.6700000;77.0500000;78.6250000;2354878
05/05/21;00:00:00;79.0500000;79.3000000;77.3700000;77.8500000;1844541
06/05/21;00:00:00;77.6200000;78.0550000;76.4900000;77.8700000;2119283
07/05/21;00:00:00;78.7500000;79.5700000;78.2200000;78.8000000;1875886
10/05/21;00:00:00;78.2100000;78.2700000;75.9200000;75.9900000;2130211
11/05/21;00:00:00;73.5700000;76.9250000;72.7600000;76.8300000;2678469
12/05/21;00:00:00;75.0900000;76.1100000;74.1700000;74.6400000;2200865
13/05/21;00:00:00;75.2400000;75.7000000;72.5000000;73.0800000;2574245
14/05/21;00:00:00;73.9200000;75.0200000;72.7300000;74.5700000;1872777
17/05/21;00:00:00;74.2150000;75.5000000;73.4200000;74.6400000;1811640
18/05/21;00:00:00;74.7400000;75.7600000;74.2600000;74.4400000;1359907
19/05/21;00:00:00;73.0800000;76.9600000;72.7700000;76.2600000;3112391
20/05/21;00:00:00;76.8400000;78.2700000;76.2500000;78.1100000;1960993
21/05/21;00:00:00;78.5300000;78.8100000;77.0600000;77.1800000;1632357
24/05/21;00:00:00;77.3000000;78.0100000;76.8100000;77.4300000;1307530
25/05/21;00:00:00;77.3800000;78.7700000;76.8500000;77.8700000;1738341
26/05/21;00:00:00;77.8300000;78.5900000;77.6000000;78.3300000;1203635
27/05/21;00:00:00;78.1100000;78.4300000;77.4800000;78.3800000;1229590
28/05/21;00:00:00;78.6600000;81.0800000;78.6600000;80.0800000;1755332
01/06/21;00:00:00;80.9700000;82.9100000;80.7100000;80.8000000;1558789
02/06/21;00:00:00;80.9700000;82.6000000;80.7300000;81.9800000;1236827
03/06/21;00:00:00;81.1500000;81.8800000;80.2600000;80.2800000;1020583
04/06/21;00:00:00;80.9200000;82.1800000;80.8200000;81.5500000;873340
07/06/21;00:00:00;81.3500000;81.6500000;80.3900000;81.3300000;731526
08/06/21;00:00:00;81.8100000;82.6400000;80.4600000;80.8800000;879099
09/06/21;00:00:00;81.0900000;81.6600000;79.8000000;79.9600000;1055059
10/06/21;00:00:00;80.0200000;81.7000000;79.7200000;81.5500000;1104318
11/06/21;00:00:00;81.6100000;82.3150000;80.7050000;81.3100000;945582
14/06/21;00:00:00;81.4700000;81.5400000;80.2100000;81.5400000;970016
15/06/21;00:00:00;81.5500000;81.6700000;80.2300000;80.4900000;934902
16/06/21;00:00:00;80.7000000;81.4500000;78.9700000;80.1100000;1094526
17/06/21;00:00:00;80.7300000;85.3600000;80.5700000;84.5500000;2810399
18/06/21;00:00:00;84.1400000;85.7400000;83.4800000;84.6500000;2159302
21/06/21;00:00:00;83.4900000;84.1900000;82.2300000;82.5800000;1730263
22/06/21;00:00:00;82.9000000;84.0300000;82.5000000;83.5700000;1271652
23/06/21;00:00:00;83.8300000;84.4800000;83.1700000;83.8100000;967825
24/06/21;00:00:00;84.4900000;87.1300000;84.4900000;86.0900000;1819447
25/06/21;00:00:00;86.3400000;86.3600000;85.1100000;85.6100000;1167653
28/06/21;00:00:00;86.3800000;87.9900000;86.1500000;87.0800000;1180887
29/06/21;00:00:00;87.4700000;90.2900000;86.6800000;89.5100000;1939644
30/06/21;00:00:00;90.8250000;94.3300000;90.6100000;93.9200000;2913591
01/07/21;00:00:00;94.0400000;94.1700000;91.7100000;93.3200000;2079110
02/07/21;00:00:00;93.2800000;95.2600000;92.2100000;94.6900000;2180527
06/07/21;00:00:00;94.8900000;95.4000000;93.3300000;94.4700000;1886552
07/07/21;00:00:00;95.0500000;95.4200000;90.3200000;90.5300000;2898581
08/07/21;00:00:00;88.0000000;90.3350000;87.5500000;89.7500000;2672518
09/07/21;00:00:00;90.0500000;91.2500000;88.5300000;90.8700000;2053740
12/07/21;00:00:00;91.2200000;91.8900000;89.6600000;90.8000000;1649268
13/07/21;00:00:00;90.3900000;91.4000000;89.8300000;90.2700000;1705699
14/07/21;00:00:00;90.7500000;91.3800000;88.9400000;89.0600000;1463820
15/07/21;00:00:00;89.7500000;89.7500000;86.1900000;86.9200000;2030960
16/07/21;00:00:00;87.3200000;88.0300000;85.6900000;85.9000000;1749825
19/07/21;00:00:00;84.9700000;87.2200000;84.2500000;86.6100000;2134441
20/07/21;00:00:00;86.9900000;87.7650000;85.1700000;87.1200000;1354727
21/07/21;00:00:00;87.2500000;89.4800000;87.1900000;89.4100000;1506781
22/07/21;00:00:00;89.4000000;91.3550000;89.0900000;91.2100000;1877020
23/07/21;00:00:00;91.4000000;92.3600000;90.2000000;92.1500000;1722707
26/07/21;00:00:00;92.0100000;92.7300000;91.1250000;91.8800000;1102352
27/07/21;00:00:00;92.8800000;94.0900000;89.1200000;91.1300000;3327029
28/07/21;00:00:00;93.4100000;97.4900000;89.6700000;97.4000000;3757951
