04/01/16;00:00:00;13.8300000;14.3600000;13.8150000;14.3400000;20556181
05/01/16;00:00:00;14.4200000;15.0800000;14.3600000;14.8300000;24972739
06/01/16;00:00:00;14.5000000;14.6850000;14.1100000;14.2100000;24761163
07/01/16;00:00:00;13.8600000;14.2700000;13.6300000;13.6700000;22419827
08/01/16;00:00:00;13.8100000;13.9477000;13.2900000;13.3300000;24224339
11/01/16;00:00:00;13.3700000;13.4600000;12.2100000;12.5200000;40401145
12/01/16;00:00:00;12.7200000;13.2400000;12.4000000;12.7200000;23779393
13/01/16;00:00:00;12.7800000;12.9700000;11.9100000;12.0600000;31345684
14/01/16;00:00:00;12.1200000;12.2600000;11.5300000;12.0200000;33763920
15/01/16;00:00:00;11.3500000;11.6600000;10.9100000;11.0700000;34041513
19/01/16;00:00:00;11.3400000;11.3650000;10.7100000;10.7900000;33025450
20/01/16;00:00:00;10.3800000;10.3900000;9.3100000;10.0600000;60771473
21/01/16;00:00:00;10.4600000;10.9000000;10.1300000;10.8450000;45333991
22/01/16;00:00:00;11.1800000;11.5700000;10.8500000;11.0600000;32331241
25/01/16;00:00:00;11.0500000;11.1700000;10.4700000;10.4700000;21956250
26/01/16;00:00:00;10.5600000;10.7150000;10.3550000;10.5500000;24951093
27/01/16;00:00:00;10.5000000;10.8301000;10.3200000;10.4000000;21393476
28/01/16;00:00:00;10.4800000;10.5500000;9.7100000;9.8900000;34381742
29/01/16;00:00:00;9.9900000;11.0500000;9.9400000;11.0300000;34226371
01/02/16;00:00:00;11.0000000;11.0950000;10.5100000;10.9700000;23543718
02/02/16;00:00:00;10.8000000;11.0700000;10.4800000;10.5900000;17848944
03/02/16;00:00:00;10.6700000;10.8600000;10.1801000;10.7550000;16937789
04/02/16;00:00:00;10.7200000;11.5500000;10.7000000;11.2250000;19493693
05/02/16;00:00:00;11.1500000;11.3800000;10.7600000;11.0050000;18843719
08/02/16;00:00:00;10.7100000;10.7200000;9.9400000;10.1700000;25350715
09/02/16;00:00:00;10.0100000;10.3400000;9.7500000;9.9900000;25744686
10/02/16;00:00:00;10.0800000;10.2800000;9.8222000;9.9000000;19321009
11/02/16;00:00:00;9.7200000;9.9500000;9.4500000;9.6900000;24768918
12/02/16;00:00:00;9.8800000;10.2400000;9.4800000;10.0200000;22015815
16/02/16;00:00:00;10.3300000;10.8700000;10.3100000;10.8050000;23656435
17/02/16;00:00:00;10.9700000;11.6500000;10.9200000;11.4375000;28550232
18/02/16;00:00:00;11.5700000;11.7500000;11.3200000;11.4800000;19858691
19/02/16;00:00:00;11.3800000;11.3900000;10.9500000;11.1500000;16516263
22/02/16;00:00:00;11.3700000;11.4400000;10.9000000;11.0400000;18675839
23/02/16;00:00:00;11.0000000;11.0800000;10.3900000;10.4800000;20353809
24/02/16;00:00:00;10.2500000;10.6700000;10.0600000;10.6400000;17084622
25/02/16;00:00:00;10.6700000;10.7400000;10.2100000;10.7200000;14825763
26/02/16;00:00:00;10.7900000;11.0000000;10.5700000;10.7000000;15290673
29/02/16;00:00:00;10.6500000;10.8900000;10.5200000;10.6250000;17973025
01/03/16;00:00:00;10.7700000;11.1000000;10.5900000;11.0700000;14105544
02/03/16;00:00:00;11.0100000;11.6850000;10.9700000;11.6800000;16622159
03/03/16;00:00:00;11.7300000;11.8500000;11.6000000;11.7900000;15092599
04/03/16;00:00:00;11.8000000;12.2900000;11.6000000;11.8700000;25483882
07/03/16;00:00:00;11.4600000;11.7800000;11.0500000;11.5800000;26037541
08/03/16;00:00:00;11.4400000;11.4500000;10.6500000;10.6600000;26501151
09/03/16;00:00:00;10.7600000;10.9100000;10.5300000;10.8100000;13841798
10/03/16;00:00:00;10.9500000;11.0600000;10.6600000;10.8750000;16785955
11/03/16;00:00:00;10.9900000;11.4000000;10.8500000;11.3900000;16135912
14/03/16;00:00:00;11.3400000;11.3400000;11.0100000;11.1400000;12753411
15/03/16;00:00:00;11.1500000;11.1500000;10.7200000;10.8500000;14239330
16/03/16;00:00:00;10.7100000;10.8900000;10.5500000;10.7200000;18309143
17/03/16;00:00:00;10.7200000;11.0000000;10.6000000;10.8700000;18653481
18/03/16;00:00:00;10.8400000;11.1700000;10.7500000;11.1400000;25368146
21/03/16;00:00:00;11.1400000;11.6000000;11.0750000;11.5400000;16800146
22/03/16;00:00:00;11.4500000;11.6000000;11.3300000;11.4400000;11335076
23/03/16;00:00:00;11.4300000;11.4600000;10.6300000;10.6600000;26689098
24/03/16;00:00:00;10.5000000;10.6000000;10.3300000;10.5000000;20824778
28/03/16;00:00:00;10.5000000;10.5900000;10.2500000;10.3800000;20022631
29/03/16;00:00:00;10.1800000;10.5300000;10.1000000;10.4500000;28363112
30/03/16;00:00:00;10.5200000;10.9500000;10.4000000;10.4650000;30212343
31/03/16;00:00:00;10.3100000;10.4900000;10.0100000;10.4600000;43423631
01/04/16;00:00:00;10.2800000;11.0700000;10.2400000;11.0400000;26578962
04/04/16;00:00:00;11.0600000;11.2200000;10.7750000;10.8000000;21193208
05/04/16;00:00:00;10.6300000;10.7200000;10.3800000;10.4100000;19111279
06/04/16;00:00:00;10.4200000;10.4800000;10.2500000;10.4700000;17221352
07/04/16;00:00:00;10.4200000;10.6500000;10.3900000;10.5200000;17321484
08/04/16;00:00:00;10.6400000;10.8900000;10.5700000;10.7200000;17970877
11/04/16;00:00:00;10.7500000;10.9200000;10.4400000;10.4500000;16912053
12/04/16;00:00:00;10.5100000;10.5400000;10.0500000;10.1600000;23414681
13/04/16;00:00:00;10.2900000;10.9000000;10.2000000;10.8800000;24667984
14/04/16;00:00:00;10.7900000;10.7900000;10.3900000;10.4000000;16912101
15/04/16;00:00:00;10.7300000;10.7800000;10.4600000;10.6950000;22553723
18/04/16;00:00:00;10.6300000;11.1000000;10.5600000;10.8900000;24332355
19/04/16;00:00:00;11.0800000;11.0800000;10.6000000;10.7300000;19019525
20/04/16;00:00:00;10.6500000;10.7700000;10.5000000;10.7600000;17622061
21/04/16;00:00:00;10.8000000;10.8900000;10.5950000;10.6500000;14481367
22/04/16;00:00:00;10.6600000;10.8100000;10.5000000;10.6550000;15837361
25/04/16;00:00:00;10.6700000;10.8800000;10.4750000;10.5500000;20672836
26/04/16;00:00:00;10.7900000;11.6500000;10.7100000;11.5000000;44609444
27/04/16;00:00:00;11.3400000;11.6100000;11.2000000;11.5650000;23003935
28/04/16;00:00:00;11.5300000;12.4050000;11.5200000;11.6200000;35831573
29/04/16;00:00:00;11.6700000;11.6900000;10.6450000;10.7500000;37835047
02/05/16;00:00:00;10.8000000;10.8600000;10.4300000;10.6100000;22088392
03/05/16;00:00:00;10.4900000;10.6200000;10.2500000;10.3600000;23591698
04/05/16;00:00:00;10.2500000;10.4900000;9.8000000;10.0150000;39140499
05/05/16;00:00:00;10.0600000;10.4000000;10.0100000;10.0600000;25109977
06/05/16;00:00:00;10.0100000;10.2100000;9.8500000;9.9950000;19822840
09/05/16;00:00:00;10.0000000;10.0700000;9.7601000;9.8700000;18199152
10/05/16;00:00:00;9.9600000;10.1100000;9.8350000;10.1000000;18150064
11/05/16;00:00:00;10.0200000;10.3300000;10.0100000;10.1000000;17004476
12/05/16;00:00:00;10.1500000;10.2600000;9.3500000;9.6250000;38847318
13/05/16;00:00:00;9.6600000;9.7900000;9.4100000;9.5600000;19201024
16/05/16;00:00:00;9.6100000;9.6900000;9.5100000;9.6800000;14606279
17/05/16;00:00:00;9.6500000;9.9200000;9.4950000;9.6750000;17631127
18/05/16;00:00:00;9.6800000;10.2800000;9.6800000;10.0500000;24278509
19/05/16;00:00:00;10.0000000;10.2600000;9.9150000;10.0700000;16998083
20/05/16;00:00:00;10.3100000;10.8125000;10.2800000;10.8000000;28439607
23/05/16;00:00:00;10.8400000;11.1700000;10.8200000;11.1450000;26209094
24/05/16;00:00:00;11.3100000;11.5000000;11.1600000;11.4900000;22898457
25/05/16;00:00:00;11.6000000;11.7800000;11.4200000;11.6000000;27531198
26/05/16;00:00:00;11.7100000;12.0300000;11.6900000;11.9300000;21552802
27/05/16;00:00:00;11.9700000;12.4300000;11.8250000;12.3100000;27738803
31/05/16;00:00:00;12.6600000;12.9100000;12.2550000;12.7200000;43253867
01/06/16;00:00:00;12.6100000;13.0900000;12.3100000;13.0900000;34025472
02/06/16;00:00:00;12.9500000;13.2050000;12.7500000;13.1100000;26675333
03/06/16;00:00:00;13.0200000;13.0400000;12.6300000;12.8400000;26201713
06/06/16;00:00:00;12.8900000;13.0400000;12.7600000;12.7700000;18385599
07/06/16;00:00:00;12.8300000;13.1500000;12.8100000;13.0000000;17228009
08/06/16;00:00:00;13.0800000;13.0900000;12.5100000;12.5900000;23751519
09/06/16;00:00:00;12.4700000;12.7000000;12.2350000;12.5300000;19108896
10/06/16;00:00:00;12.3200000;12.3700000;12.0450000;12.1400000;20193361
13/06/16;00:00:00;12.0000000;12.3550000;11.9400000;12.0500000;14719638
14/06/16;00:00:00;12.0700000;12.3200000;11.7350000;11.9250000;20398316
15/06/16;00:00:00;12.1600000;12.2500000;11.9500000;12.0200000;16181411
16/06/16;00:00:00;11.8700000;11.9850000;11.5750000;11.9600000;21392656
17/06/16;00:00:00;11.9700000;12.3500000;11.9500000;12.2000000;17361675
20/06/16;00:00:00;12.5100000;12.6600000;12.2900000;12.3100000;19936983
21/06/16;00:00:00;12.5400000;12.8300000;12.4200000;12.7500000;23534964
22/06/16;00:00:00;12.7800000;13.0400000;12.6700000;12.7300000;25725039
23/06/16;00:00:00;13.4100000;14.1600000;13.4100000;14.0600000;63677479
24/06/16;00:00:00;13.5000000;13.8500000;13.1300000;13.2100000;62153428
27/06/16;00:00:00;13.1300000;13.2400000;12.1000000;12.2300000;42958505
28/06/16;00:00:00;12.6400000;13.0450000;12.6200000;12.9900000;31891776
29/06/16;00:00:00;13.3000000;13.4180000;12.9407000;13.1900000;33891235
30/06/16;00:00:00;13.3400000;13.7800000;13.2200000;13.7500000;37860146
01/07/16;00:00:00;12.5800000;12.9000000;12.3100000;12.5000000;64473195
05/07/16;00:00:00;12.3800000;12.4500000;11.8000000;11.9100000;35516801
06/07/16;00:00:00;11.7600000;11.8500000;11.5000000;11.7250000;33277966
07/07/16;00:00:00;11.9000000;12.5500000;11.8900000;12.2050000;32014407
08/07/16;00:00:00;12.3900000;12.7200000;12.3800000;12.6300000;24195194
11/07/16;00:00:00;12.7900000;12.9800000;12.6100000;12.6400000;20633093
12/07/16;00:00:00;12.9800000;13.4550000;12.9800000;13.2300000;33411661
13/07/16;00:00:00;13.2400000;13.3900000;13.0700000;13.2900000;20989759
14/07/16;00:00:00;13.5000000;13.5500000;13.2700000;13.2900000;17079455
15/07/16;00:00:00;13.2300000;13.5000000;13.0400000;13.1300000;16933700
18/07/16;00:00:00;13.2500000;13.3600000;13.0900000;13.3300000;15567018
19/07/16;00:00:00;13.2200000;13.2600000;13.0500000;13.2200000;18738131
20/07/16;00:00:00;13.3300000;13.6200000;13.2400000;13.5900000;31051279
21/07/16;00:00:00;13.5000000;13.5000000;13.0800000;13.1800000;14624583
22/07/16;00:00:00;13.2100000;13.2300000;13.0150000;13.1200000;16071338
25/07/16;00:00:00;14.0300000;14.3300000;13.8800000;13.9250000;46424074
26/07/16;00:00:00;14.0000000;14.6900000;13.9345000;14.6700000;34806303
27/07/16;00:00:00;14.8500000;14.8900000;14.0550000;14.1800000;30807189
28/07/16;00:00:00;14.1300000;14.1900000;13.7000000;13.8100000;20196691
29/07/16;00:00:00;13.9100000;13.9400000;13.6200000;13.7350000;18821870
01/08/16;00:00:00;13.8100000;13.9200000;13.5500000;13.5650000;14496174
02/08/16;00:00:00;13.5500000;13.5800000;13.0200000;13.3950000;22194105
03/08/16;00:00:00;13.2700000;13.5762000;13.2700000;13.5100000;16295965
04/08/16;00:00:00;13.6100000;14.1950000;13.6000000;14.0300000;21840328
05/08/16;00:00:00;14.2100000;14.7800000;14.2000000;14.5200000;26916577
08/08/16;00:00:00;14.5300000;14.7200000;14.3800000;14.4150000;14687666
09/08/16;00:00:00;14.5600000;14.7000000;14.4000000;14.4800000;11612840
10/08/16;00:00:00;14.4800000;14.5000000;14.0300000;14.1900000;14105580
11/08/16;00:00:00;14.2500000;14.4850000;14.2100000;14.4300000;13328443
12/08/16;00:00:00;14.4600000;14.9900000;14.4301000;14.9400000;20690343
15/08/16;00:00:00;15.0900000;15.6950000;15.0800000;15.5300000;27135093
16/08/16;00:00:00;15.5800000;15.5900000;15.2300000;15.4900000;19418505
17/08/16;00:00:00;15.5300000;15.7600000;15.4600000;15.5250000;20329079
18/08/16;00:00:00;15.5500000;15.8000000;15.5100000;15.7700000;14845100
19/08/16;00:00:00;16.1600000;16.4500000;16.0300000;16.2500000;30985851
22/08/16;00:00:00;16.0800000;16.4300000;15.9100000;16.1900000;18359211
23/08/16;00:00:00;16.2700000;16.5400000;16.1400000;16.1800000;21238484
24/08/16;00:00:00;16.2000000;16.2400000;15.3800000;15.5050000;24704055
25/08/16;00:00:00;15.8700000;16.5500000;15.5100000;16.2000000;32323746
26/08/16;00:00:00;16.3400000;16.8050000;16.2850000;16.5100000;22858855
29/08/16;00:00:00;16.9200000;17.2500000;16.6100000;16.9100000;27549920
30/08/16;00:00:00;17.0000000;17.0100000;16.5100000;16.7300000;21319155
31/08/16;00:00:00;16.7000000;16.7400000;16.1400000;16.4900000;19237172
01/09/16;00:00:00;16.6100000;16.8000000;16.3000000;16.6300000;14441877
02/09/16;00:00:00;16.9600000;16.9700000;16.5700000;16.7000000;15005117
06/09/16;00:00:00;16.8000000;17.0800000;16.7500000;17.0100000;21264595
07/09/16;00:00:00;17.1500000;17.3500000;17.0200000;17.1600000;21568808
08/09/16;00:00:00;17.2000000;17.8557000;16.8800000;17.4500000;36954736
09/09/16;00:00:00;17.3300000;17.7400000;16.6900000;16.8100000;27389636
12/09/16;00:00:00;16.6100000;17.1950000;16.3700000;17.1500000;25724713
13/09/16;00:00:00;16.9200000;17.1450000;16.4600000;16.7400000;21950431
14/09/16;00:00:00;16.8800000;17.0800000;16.6544000;16.9300000;16384855
15/09/16;00:00:00;16.9000000;17.4600000;16.8501000;17.4500000;21846139
16/09/16;00:00:00;18.0200000;18.0800000;17.3400000;17.4800000;31788157
19/09/16;00:00:00;17.6300000;17.7700000;16.8500000;16.9500000;21607791
20/09/16;00:00:00;17.0500000;17.2700000;16.7200000;16.9100000;16172483
21/09/16;00:00:00;17.2500000;17.7000000;17.2300000;17.6600000;28711740
22/09/16;00:00:00;17.8900000;18.0500000;17.4100000;17.5900000;23926198
23/09/16;00:00:00;17.4500000;17.7360000;17.4300000;17.4800000;15834116
26/09/16;00:00:00;17.3700000;17.6000000;17.1800000;17.3600000;17605191
27/09/16;00:00:00;17.5300000;18.0800000;17.3500000;18.0000000;26260920
28/09/16;00:00:00;18.1600000;18.1600000;17.1500000;17.4400000;40217491
29/09/16;00:00:00;17.4500000;17.7750000;17.3450000;17.5400000;29138018
30/09/16;00:00:00;17.7500000;18.0000000;17.5750000;17.7700000;18477977
03/10/16;00:00:00;17.9900000;18.0200000;17.6000000;17.7200000;24681081
04/10/16;00:00:00;17.9800000;18.0400000;17.6600000;17.8000000;35028959
05/10/16;00:00:00;17.5600000;18.3310000;17.2800000;17.7000000;60523050
06/10/16;00:00:00;17.6400000;17.8850000;17.5350000;17.7200000;15472894
07/10/16;00:00:00;17.7200000;17.8000000;17.3000000;17.6000000;22501028
10/10/16;00:00:00;17.7200000;17.8350000;17.4900000;17.4950000;10423019
11/10/16;00:00:00;17.4000000;17.4700000;16.5300000;16.8600000;34206803
12/10/16;00:00:00;16.8800000;17.0400000;16.6699000;16.7800000;15980975
13/10/16;00:00:00;16.5600000;17.0000000;16.1700000;16.8500000;25051533
14/10/16;00:00:00;17.0300000;17.4100000;16.9900000;17.1300000;21143033
17/10/16;00:00:00;17.0200000;17.1650000;16.9350000;17.0000000;11341957
18/10/16;00:00:00;17.2100000;17.6600000;17.2000000;17.4100000;17242367
19/10/16;00:00:00;17.0000000;17.2500000;16.8500000;17.2150000;17275194
20/10/16;00:00:00;17.0500000;17.5000000;17.0500000;17.2050000;15875164
21/10/16;00:00:00;17.0000000;17.0700000;16.8000000;16.9300000;17101038
24/10/16;00:00:00;17.0700000;17.1600000;16.9700000;17.0500000;12661348
25/10/16;00:00:00;17.1000000;17.6150000;17.1000000;17.5350000;25329868
26/10/16;00:00:00;17.3000000;17.9300000;17.2000000;17.6400000;21344838
27/10/16;00:00:00;17.8200000;17.9000000;17.4000000;17.5200000;19944334
28/10/16;00:00:00;17.6000000;17.6741000;17.1000000;17.2000000;19571501
31/10/16;00:00:00;17.5400000;17.7600000;17.1600000;17.1600000;19809695
01/11/16;00:00:00;17.2000000;17.4100000;16.5800000;16.9800000;24902013
02/11/16;00:00:00;16.9500000;17.0150000;16.5000000;16.6800000;23505530
03/11/16;00:00:00;16.6900000;16.8100000;16.5600000;16.6100000;15953007
04/11/16;00:00:00;16.4600000;17.0200000;16.4500000;16.6900000;16630035
07/11/16;00:00:00;17.0200000;17.4300000;17.0172000;17.3800000;19964485
08/11/16;00:00:00;17.3000000;17.5500000;17.0600000;17.4100000;17050597
09/11/16;00:00:00;16.9500000;17.3500000;16.7500000;17.2000000;31646694
10/11/16;00:00:00;17.3500000;17.7580000;16.7500000;16.9900000;28362247
11/11/16;00:00:00;17.0800000;17.6800000;16.9000000;17.6700000;28238334
14/11/16;00:00:00;17.7700000;17.9800000;17.5300000;17.7100000;25053629
15/11/16;00:00:00;17.6600000;18.1700000;17.6600000;18.1000000;23465766
16/11/16;00:00:00;17.9400000;18.3300000;17.9300000;18.2400000;19593001
17/11/16;00:00:00;18.3500000;19.3350000;18.2500000;19.1900000;43033658
18/11/16;00:00:00;18.9000000;19.3300000;18.8500000;19.2100000;25205793
21/11/16;00:00:00;19.3900000;19.6700000;19.3450000;19.4900000;21331558
22/11/16;00:00:00;19.6400000;19.8000000;19.4500000;19.7400000;20229262
23/11/16;00:00:00;19.6300000;19.9300000;19.4700000;19.9037000;17459975
25/11/16;00:00:00;19.9500000;20.4400000;19.7900000;20.1800000;15862772
28/11/16;00:00:00;20.1800000;20.2800000;19.9450000;19.9900000;20943745
29/11/16;00:00:00;19.9200000;20.2000000;19.3800000;19.4200000;34035218
30/11/16;00:00:00;19.5800000;19.7600000;19.3650000;19.5300000;22718646
01/12/16;00:00:00;19.7000000;19.8300000;18.1800000;18.4800000;38079641
02/12/16;00:00:00;18.4600000;19.2000000;18.3010000;18.7900000;23363803
05/12/16;00:00:00;19.0000000;19.0000000;18.3950000;18.6100000;22977355
06/12/16;00:00:00;18.6200000;19.0900000;18.5800000;19.0600000;18993272
07/12/16;00:00:00;19.5000000;20.5400000;19.3000000;20.4400000;42381015
08/12/16;00:00:00;20.7100000;20.9900000;20.2900000;20.6600000;33364962
09/12/16;00:00:00;20.7300000;20.8486000;20.1342000;20.5000000;22068721
12/12/16;00:00:00;20.3300000;20.5100000;19.4900000;20.0200000;27174211
13/12/16;00:00:00;20.1400000;20.4700000;19.8000000;20.1300000;23058198
14/12/16;00:00:00;19.9300000;20.3300000;19.7800000;20.0150000;17022282
15/12/16;00:00:00;20.1000000;20.5000000;19.9800000;20.2900000;17834223
16/12/16;00:00:00;20.5300000;21.0000000;20.1900000;20.2600000;28433230
19/12/16;00:00:00;20.4300000;20.7000000;20.1900000;20.3450000;21471436
20/12/16;00:00:00;20.7300000;20.8000000;20.4700000;20.6400000;20943743
21/12/16;00:00:00;20.7500000;20.8300000;20.3400000;20.5800000;21633810
22/12/16;00:00:00;22.9100000;23.4900000;22.7700000;23.2000000;77446275
23/12/16;00:00:00;23.0700000;23.4900000;23.0600000;23.2600000;26191467
27/12/16;00:00:00;23.3500000;23.6400000;23.2100000;23.2900000;22944929
28/12/16;00:00:00;23.4000000;23.4100000;22.7600000;22.7800000;22449535
29/12/16;00:00:00;22.5800000;22.8000000;22.1500000;22.2700000;18783267
30/12/16;00:00:00;22.3500000;22.4000000;21.7500000;21.9200000;17430048
03/01/17;00:00:00;22.0700000;22.7400000;22.0450000;22.5500000;23000313
04/01/17;00:00:00;22.6700000;22.8400000;22.2450000;22.3600000;18087626
05/01/17;00:00:00;22.4000000;22.5700000;21.9600000;22.1100000;16480571
06/01/17;00:00:00;22.2700000;22.2800000;21.9750000;22.0400000;16645855
09/01/17;00:00:00;21.9400000;22.5500000;21.9400000;22.3400000;18673303
10/01/17;00:00:00;22.3600000;22.6861000;22.3000000;22.4400000;16633526
11/01/17;00:00:00;22.6100000;22.8700000;22.5600000;22.7800000;19045125
12/01/17;00:00:00;22.4600000;22.4800000;21.7000000;22.3000000;25179384
13/01/17;00:00:00;22.2800000;22.3100000;21.9850000;22.1800000;12637296
17/01/17;00:00:00;21.8800000;22.0662000;21.5839000;21.7350000;18173006
18/01/17;00:00:00;21.6800000;22.3400000;21.5300000;22.3100000;16363880
19/01/17;00:00:00;21.5000000;22.3000000;21.4900000;21.7100000;27520208
20/01/17;00:00:00;21.8500000;22.3300000;21.8500000;21.9600000;18439879
23/01/17;00:00:00;21.9600000;22.3100000;21.7400000;21.8900000;12126190
24/01/17;00:00:00;22.2700000;23.0850000;22.2600000;22.8500000;27186358
25/01/17;00:00:00;23.3900000;23.9800000;23.1900000;23.5700000;28685803
26/01/17;00:00:00;23.8300000;23.9900000;23.2900000;23.5200000;17977746
27/01/17;00:00:00;23.5300000;24.1000000;23.4500000;23.9700000;17120190
30/01/17;00:00:00;23.8200000;24.2400000;23.4300000;24.1900000;26293723
31/01/17;00:00:00;23.9500000;24.1457000;23.6800000;24.1100000;21051624
01/02/17;00:00:00;24.4300000;24.8500000;24.3100000;24.7500000;26852580
02/02/17;00:00:00;24.5300000;25.3100000;24.4600000;24.7900000;42963600
03/02/17;00:00:00;24.9000000;25.2400000;24.5000000;24.6000000;21135387
06/02/17;00:00:00;24.5300000;24.7287000;24.2100000;24.3300000;15167371
07/02/17;00:00:00;24.5900000;24.6900000;24.2100000;24.6000000;17375950
08/02/17;00:00:00;24.2500000;24.3750000;23.9100000;24.2000000;19395486
09/02/17;00:00:00;24.7800000;24.8900000;24.4200000;24.4400000;25666280
10/02/17;00:00:00;24.7100000;24.7600000;23.9000000;24.0500000;25100482
13/02/17;00:00:00;24.0700000;24.2000000;23.8200000;23.8900000;15759546
14/02/17;00:00:00;23.3600000;23.3700000;22.6800000;23.1150000;43163256
15/02/17;00:00:00;23.0700000;23.2600000;22.7900000;23.0200000;25696872
16/02/17;00:00:00;23.0400000;23.3400000;22.8500000;22.9800000;21602210
17/02/17;00:00:00;23.0100000;23.3800000;23.0100000;23.3500000;19036558
21/02/17;00:00:00;23.6500000;23.9800000;23.5800000;23.7600000;17903598
22/02/17;00:00:00;23.8600000;24.0600000;23.6500000;23.7500000;14128764
23/02/17;00:00:00;23.9200000;23.9700000;23.2250000;23.4800000;18557195
24/02/17;00:00:00;22.9500000;23.2600000;22.6400000;23.2400000;20001235
27/02/17;00:00:00;23.3600000;23.7700000;23.1500000;23.7500000;15564676
28/02/17;00:00:00;23.7600000;23.9500000;23.3150000;23.4100000;13833476
01/03/17;00:00:00;24.1600000;24.5800000;24.0700000;24.5500000;25108721
02/03/17;00:00:00;24.8800000;25.2500000;24.3750000;24.6900000;42811451
03/03/17;00:00:00;25.2000000;25.6800000;24.9800000;25.5600000;35647061
06/03/17;00:00:00;25.5000000;25.9200000;25.1700000;25.7200000;22262625
07/03/17;00:00:00;25.5600000;25.7500000;25.2800000;25.6300000;17719023
08/03/17;00:00:00;25.6400000;25.8300000;25.0400000;25.3800000;23546353
09/03/17;00:00:00;25.2300000;25.4900000;24.8500000;25.1500000;19448013
10/03/17;00:00:00;25.2750000;25.7500000;24.8100000;25.1800000;26308467
13/03/17;00:00:00;25.3900000;25.8200000;25.2900000;25.6900000;18873438
14/03/17;00:00:00;25.5300000;25.7000000;25.2500000;25.5800000;12042734
15/03/17;00:00:00;25.1900000;26.1500000;24.9350000;26.1100000;27654570
16/03/17;00:00:00;26.2000000;26.2300000;25.8300000;26.0300000;17578703
17/03/17;00:00:00;25.8600000;25.9100000;25.4000000;25.7900000;14769272
20/03/17;00:00:00;25.9900000;26.6100000;25.8100000;26.2100000;24502601
21/03/17;00:00:00;26.3000000;26.4500000;25.4300000;25.5100000;26250458
22/03/17;00:00:00;25.7300000;26.1500000;25.6300000;26.0600000;22858968
23/03/17;00:00:00;26.3600000;26.4900000;26.0400000;26.4700000;31852195
24/03/17;00:00:00;29.6900000;29.8700000;28.1601000;28.4400000;94517328
27/03/17;00:00:00;28.1000000;29.1800000;28.0700000;28.7600000;39809042
28/03/17;00:00:00;28.7300000;29.0600000;28.6200000;28.6900000;22044339
29/03/17;00:00:00;28.6000000;28.6800000;28.3500000;28.4900000;21030094
30/03/17;00:00:00;28.4000000;29.0000000;28.3300000;28.9800000;22286789
31/03/17;00:00:00;29.1000000;29.3600000;28.9000000;28.9000000;27603661
03/04/17;00:00:00;28.9700000;29.0400000;28.3000000;28.6400000;18754876
04/04/17;00:00:00;28.4700000;28.6800000;28.1600000;28.5900000;12793624
05/04/17;00:00:00;28.6400000;28.9050000;28.2300000;28.2400000;20449263
06/04/17;00:00:00;28.2500000;28.7800000;28.0200000;28.6200000;17634411
07/04/17;00:00:00;28.4500000;28.8550000;28.3500000;28.5100000;17981533
10/04/17;00:00:00;28.4500000;28.4900000;27.5800000;27.6300000;25141165
11/04/17;00:00:00;27.5000000;27.5400000;26.6808000;27.1675000;35800730
12/04/17;00:00:00;27.4200000;27.4300000;26.6550000;26.6900000;21731346
13/04/17;00:00:00;26.5500000;27.2300000;26.3601000;26.7500000;24653424
17/04/17;00:00:00;26.9100000;27.2200000;26.8300000;27.1200000;11873743
18/04/17;00:00:00;27.0000000;27.3400000;26.9000000;27.1400000;13406824
19/04/17;00:00:00;27.4500000;27.5500000;27.0500000;27.2500000;19494869
20/04/17;00:00:00;27.5100000;28.0800000;27.5000000;27.9600000;21854855
21/04/17;00:00:00;28.0000000;28.0300000;27.1600000;27.3100000;24953635
24/04/17;00:00:00;27.7400000;27.7600000;26.5200000;26.5600000;40774974
25/04/17;00:00:00;26.7100000;27.0200000;26.3650000;26.9900000;19689771
26/04/17;00:00:00;26.5800000;27.0700000;26.3938000;26.7850000;21487120
27/04/17;00:00:00;27.1800000;27.6500000;27.0950000;27.6400000;21528147
28/04/17;00:00:00;28.0200000;28.2000000;27.5100000;27.6700000;25583247
01/05/17;00:00:00;27.8500000;28.3200000;27.7200000;28.2900000;21165535
02/05/17;00:00:00;28.2800000;28.2800000;27.4500000;27.7700000;23057538
03/05/17;00:00:00;27.6200000;28.1000000;27.5500000;28.0000000;13966161
04/05/17;00:00:00;27.9700000;28.1650000;27.7200000;27.7800000;11415391
05/05/17;00:00:00;27.8000000;28.2200000;27.6200000;28.1900000;13151451
08/05/17;00:00:00;27.5500000;28.0600000;27.2800000;28.0500000;26236380
09/05/17;00:00:00;28.1100000;28.9000000;28.0600000;28.8100000;28490907
10/05/17;00:00:00;28.9200000;29.4150000;28.8000000;29.3200000;25673363
11/05/17;00:00:00;29.1700000;29.3100000;28.6900000;29.0100000;18920717
12/05/17;00:00:00;29.1000000;29.1200000;28.6800000;28.9300000;14660439
15/05/17;00:00:00;29.0800000;29.1900000;28.7300000;28.8300000;13453782
16/05/17;00:00:00;28.9200000;29.0800000;28.5700000;29.0100000;13400342
17/05/17;00:00:00;28.3600000;28.5100000;26.9600000;26.9800000;33508881
18/05/17;00:00:00;27.1500000;27.8900000;27.0850000;27.4700000;24065400
19/05/17;00:00:00;27.7800000;28.1600000;27.7300000;27.8000000;17292125
22/05/17;00:00:00;28.2000000;28.2500000;27.6450000;28.0500000;14928227
23/05/17;00:00:00;28.0800000;28.2900000;27.5600000;28.2900000;20231297
24/05/17;00:00:00;28.4600000;29.1200000;28.4400000;28.9850000;20157765
25/05/17;00:00:00;29.2000000;29.6600000;29.1900000;29.4300000;19049783
26/05/17;00:00:00;29.2700000;29.7700000;28.8750000;29.7500000;16295224
30/05/17;00:00:00;29.9600000;30.8700000;29.8800000;30.7050000;31675805
31/05/17;00:00:00;31.0100000;31.1000000;30.3200000;30.7800000;21801028
01/06/17;00:00:00;30.7800000;30.8300000;30.2800000;30.7600000;17149309
02/06/17;00:00:00;30.8000000;31.3800000;30.5300000;31.2100000;18357684
05/06/17;00:00:00;31.3000000;31.7550000;31.0700000;31.2100000;22237422
06/06/17;00:00:00;31.0400000;31.7700000;30.8700000;31.5700000;26926475
07/06/17;00:00:00;31.7000000;32.5500000;31.7000000;32.5000000;27128526
08/06/17;00:00:00;32.8400000;32.8600000;31.8800000;32.4500000;23499922
09/06/17;00:00:00;32.6700000;32.9300000;29.5500000;30.5800000;47461425
12/06/17;00:00:00;30.0600000;31.6850000;29.2100000;31.2000000;42272282
13/06/17;00:00:00;31.7500000;32.2400000;30.7700000;31.5350000;31393752
14/06/17;00:00:00;31.7800000;31.7900000;30.8500000;31.0600000;22719916
15/06/17;00:00:00;30.4700000;30.9700000;30.0800000;30.5600000;28510621
16/06/17;00:00:00;30.6200000;31.0000000;29.8200000;29.8500000;27717064
19/06/17;00:00:00;30.5100000;31.2500000;30.3300000;31.1900000;22507785
20/06/17;00:00:00;31.4100000;31.5750000;30.7300000;30.8200000;21646253
21/06/17;00:00:00;31.1800000;32.1500000;31.0600000;32.0100000;28296974
22/06/17;00:00:00;32.0500000;32.4000000;31.7600000;31.8900000;15545605
23/06/17;00:00:00;31.8900000;32.0800000;31.6400000;31.7300000;21662217
26/06/17;00:00:00;32.4100000;32.9600000;31.9500000;32.5000000;31329040
27/06/17;00:00:00;32.5100000;32.6650000;31.6100000;31.6700000;29062402
28/06/17;00:00:00;32.0700000;32.2800000;31.4400000;32.2400000;25487116
29/06/17;00:00:00;32.2300000;32.3900000;30.6400000;31.4600000;45922928
30/06/17;00:00:00;32.1000000;32.1500000;29.7089000;29.8600000;66054229
03/07/17;00:00:00;30.0900000;30.2800000;28.5600000;29.1400000;34747359
05/07/17;00:00:00;29.5500000;30.5600000;29.5500000;30.5100000;36674425
06/07/17;00:00:00;29.9400000;30.4800000;29.9200000;30.1000000;24046973
07/07/17;00:00:00;30.2200000;30.5000000;29.9800000;30.1650000;19761304
10/07/17;00:00:00;30.1600000;30.5900000;29.7500000;30.5000000;21094679
11/07/17;00:00:00;30.5500000;31.3900000;30.5100000;31.3600000;23655329
12/07/17;00:00:00;31.7700000;31.7800000;31.1550000;31.4500000;18819854
13/07/17;00:00:00;31.5700000;31.8500000;30.8400000;31.1200000;19615231
14/07/17;00:00:00;31.3500000;31.9500000;31.2600000;31.8100000;20129322
17/07/17;00:00:00;31.6700000;31.8600000;31.4400000;31.7300000;18034613
18/07/17;00:00:00;31.6400000;31.9100000;31.4000000;31.9000000;11658237
19/07/17;00:00:00;32.0300000;32.3500000;31.6500000;31.8200000;17720142
20/07/17;00:00:00;31.9300000;32.0200000;31.4200000;31.9700000;18496073
21/07/17;00:00:00;31.9000000;32.1000000;31.6200000;32.0000000;14168254
24/07/17;00:00:00;32.0000000;32.0100000;31.5000000;31.6800000;14384381
25/07/17;00:00:00;30.8000000;30.8300000;29.6500000;29.9000000;46051502
26/07/17;00:00:00;29.8300000;30.0500000;29.6800000;29.8200000;22017783
27/07/17;00:00:00;30.2700000;31.3000000;29.6650000;30.2300000;33759741
28/07/17;00:00:00;29.9800000;29.9800000;28.9600000;29.2650000;27870883
31/07/17;00:00:00;29.4300000;29.5500000;27.8700000;28.1100000;36456751
01/08/17;00:00:00;28.2200000;28.9350000;27.8300000;28.3250000;25299526
02/08/17;00:00:00;28.9600000;29.4300000;28.2200000;28.6500000;23472209
03/08/17;00:00:00;28.3800000;28.4000000;27.6100000;27.8100000;26371691
04/08/17;00:00:00;27.8600000;28.3000000;27.2700000;27.9043000;21688871
07/08/17;00:00:00;27.9300000;28.6050000;27.8000000;28.5900000;15035605
08/08/17;00:00:00;28.6200000;29.3400000;28.6100000;28.8301000;19970884
09/08/17;00:00:00;28.5100000;28.8900000;28.3600000;28.5800000;12954540
10/08/17;00:00:00;28.3000000;28.3800000;27.4300000;27.4900000;22913375
11/08/17;00:00:00;27.4400000;28.0400000;26.8500000;28.0000000;18573455
14/08/17;00:00:00;28.8000000;29.3600000;28.7200000;29.2500000;22846700
15/08/17;00:00:00;29.4900000;29.8050000;29.1400000;29.6900000;17483938
16/08/17;00:00:00;29.9900000;30.8600000;29.9608000;30.6800000;34209257
17/08/17;00:00:00;30.3200000;30.5299000;29.6100000;29.6200000;23539906
18/08/17;00:00:00;30.0300000;30.6000000;29.7600000;30.3800000;26783616
21/08/17;00:00:00;30.5300000;30.6000000;29.2800000;29.5310000;23910090
22/08/17;00:00:00;29.8500000;30.5000000;29.7700000;30.4500000;16229653
23/08/17;00:00:00;30.0000000;30.7400000;29.8700000;30.4500000;17896717
24/08/17;00:00:00;30.5500000;30.6295000;30.1100000;30.2300000;13115545
25/08/17;00:00:00;30.3000000;30.3900000;30.0500000;30.3000000;10148315
28/08/17;00:00:00;30.4300000;31.2100000;30.4200000;31.0900000;19767802
29/08/17;00:00:00;30.7500000;31.5300000;30.7000000;31.4800000;20890144
30/08/17;00:00:00;31.6500000;31.6800000;31.3800000;31.6100000;15371160
31/08/17;00:00:00;31.6100000;32.0200000;31.4800000;31.9700000;22631413
01/09/17;00:00:00;32.2400000;32.8800000;32.1300000;32.6000000;22479965
05/09/17;00:00:00;32.4500000;32.7400000;31.6500000;32.0600000;26553072
06/09/17;00:00:00;32.0700000;32.7000000;32.0600000;32.2300000;24088285
07/09/17;00:00:00;32.4700000;32.9000000;32.4466000;32.8000000;20944838
08/09/17;00:00:00;32.8000000;33.0200000;32.3100000;32.4500000;16034560
11/09/17;00:00:00;32.9000000;33.4400000;32.8100000;33.4340000;24380982
12/09/17;00:00:00;33.7200000;34.5400000;33.5600000;34.3000000;33140693
13/09/17;00:00:00;34.5700000;34.8000000;34.0200000;34.6000000;34702791
14/09/17;00:00:00;34.4300000;34.8500000;34.3000000;34.5700000;18783712
15/09/17;00:00:00;34.4400000;35.0000000;34.3800000;34.6300000;23672118
18/09/17;00:00:00;35.1300000;35.8000000;35.0200000;35.4300000;28103538
19/09/17;00:00:00;35.5000000;36.1000000;35.5000000;35.9400000;23672816
20/09/17;00:00:00;36.0300000;36.6000000;35.3400000;35.9700000;36956114
21/09/17;00:00:00;35.9300000;36.2500000;35.4000000;35.9010000;19513510
22/09/17;00:00:00;35.6000000;36.2200000;35.6000000;36.0700000;18853932
25/09/17;00:00:00;36.1100000;36.1500000;34.5400000;34.8700000;32138223
26/09/17;00:00:00;35.2300000;35.3700000;34.0900000;34.1600000;39194083
27/09/17;00:00:00;36.2600000;37.1500000;35.9200000;37.1000000;73387438
28/09/17;00:00:00;37.1500000;38.4600000;36.8200000;37.9600000;47653567
29/09/17;00:00:00;37.9800000;39.3600000;37.8100000;39.3300000;41293464
02/10/17;00:00:00;39.6000000;40.3700000;39.3600000;40.0000000;47698728
03/10/17;00:00:00;39.9300000;40.5400000;39.8500000;40.3700000;23868908
04/10/17;00:00:00;40.1400000;40.4300000;38.9100000;39.5600000;33171714
05/10/17;00:00:00;39.8000000;39.8600000;39.2500000;39.3500000;20178958
06/10/17;00:00:00;39.0000000;39.6600000;38.8100000;39.6400000;22744532
09/10/17;00:00:00;39.7200000;40.9900000;39.6200000;40.9700000;25245662
10/10/17;00:00:00;41.4500000;42.0000000;40.4550000;42.0000000;38403612
11/10/17;00:00:00;40.8400000;42.0700000;40.8000000;41.6100000;43065539
12/10/17;00:00:00;41.2100000;41.7500000;40.2900000;40.5700000;55644132
13/10/17;00:00:00;40.7700000;41.1700000;40.3200000;40.4100000;30820045
16/10/17;00:00:00;40.8800000;41.5700000;40.5148000;41.4800000;30279876
17/10/17;00:00:00;41.1200000;41.4000000;40.2500000;40.4000000;35051972
18/10/17;00:00:00;41.0700000;41.9500000;40.8100000;41.6500000;40074185
19/10/17;00:00:00;41.1800000;41.4900000;39.8000000;41.3000000;42564002
20/10/17;00:00:00;42.0000000;42.1700000;41.4400000;41.4700000;31151575
23/10/17;00:00:00;41.8700000;42.1866000;41.4000000;41.5600000;23855164
24/10/17;00:00:00;41.7400000;42.0100000;41.4300000;41.5900000;22211452
25/10/17;00:00:00;41.3100000;41.5900000;40.3100000;41.0500000;28354275
26/10/17;00:00:00;41.1700000;41.1800000;40.3100000;40.5600000;23713365
27/10/17;00:00:00;40.6000000;40.9400000;40.0400000;40.7500000;27192187
30/10/17;00:00:00;40.7800000;41.8600000;40.6800000;41.6500000;25713526
31/10/17;00:00:00;42.2400000;44.5700000;42.2000000;44.3300000;51450720
01/11/17;00:00:00;44.8800000;45.3300000;43.7800000;44.3800000;34313189
02/11/17;00:00:00;44.0800000;44.7500000;43.7200000;44.3400000;23084288
03/11/17;00:00:00;44.7400000;45.0000000;43.3500000;43.7000000;24859580
06/11/17;00:00:00;43.8500000;44.0100000;42.4500000;43.1900000;24472854
07/11/17;00:00:00;43.5800000;44.2400000;43.3300000;43.9450000;26398432
08/11/17;00:00:00;43.8300000;44.1400000;43.4500000;44.0900000;16732741
09/11/17;00:00:00;43.6900000;43.6900000;42.5800000;43.5000000;28324441
10/11/17;00:00:00;43.7600000;44.8450000;43.7100000;44.7800000;26057372
13/11/17;00:00:00;44.5000000;45.8700000;44.1900000;45.5900000;25922868
14/11/17;00:00:00;45.5800000;46.0000000;44.8001000;45.7950000;26734014
15/11/17;00:00:00;45.2400000;45.7401000;44.6201000;45.3500000;20355870
16/11/17;00:00:00;45.7100000;46.2900000;45.2900000;46.1800000;21301776
17/11/17;00:00:00;46.5400000;46.5500000;45.7300000;46.1400000;19878783
20/11/17;00:00:00;46.5100000;47.8600000;46.4000000;47.6400000;23625166
21/11/17;00:00:00;48.3600000;49.6300000;48.1500000;49.3900000;31708549
22/11/17;00:00:00;49.8500000;49.8900000;48.6200000;49.1400000;25512539
24/11/17;00:00:00;49.3400000;49.8800000;49.0300000;49.6651000;12229063
27/11/17;00:00:00;47.9600000;48.3900000;47.0900000;48.0500000;38710396
28/11/17;00:00:00;48.4500000;48.8600000;47.8200000;47.9400000;26898187
29/11/17;00:00:00;47.5000000;47.6000000;43.2700000;43.7300000;72782964
30/11/17;00:00:00;44.1400000;44.5350000;41.8600000;42.3900000;52687797
01/12/17;00:00:00;41.7300000;42.5500000;40.0100000;41.9300000;66003946
04/12/17;00:00:00;41.9400000;42.2900000;39.0700000;39.9100000;67683277
05/12/17;00:00:00;39.7500000;42.0500000;39.4200000;41.2100000;49314032
06/12/17;00:00:00;40.8200000;41.7400000;40.3000000;41.5800000;33959284
07/12/17;00:00:00;42.1800000;43.2300000;41.9100000;43.1900000;37230970
08/12/17;00:00:00;44.0300000;44.5800000;42.8700000;43.2100000;40168839
11/12/17;00:00:00;43.4200000;43.7500000;42.3300000;43.0000000;26141018
12/12/17;00:00:00;42.7400000;42.8538000;41.7100000;41.8600000;25840836
13/12/17;00:00:00;42.2200000;43.1000000;41.9700000;42.0500000;24822803
14/12/17;00:00:00;42.2900000;42.7299000;41.8800000;42.2400000;20694186
15/12/17;00:00:00;42.3000000;42.5600000;41.8850000;42.3800000;40859514
18/12/17;00:00:00;43.3700000;43.7300000;42.9900000;43.7100000;29954693
19/12/17;00:00:00;44.0900000;44.3400000;43.3000000;43.9600000;37744985
20/12/17;00:00:00;46.6400000;46.8000000;44.8600000;45.7500000;76414549
21/12/17;00:00:00;45.5500000;45.5900000;44.3500000;44.4200000;44791440
22/12/17;00:00:00;44.1800000;44.9350000;43.9400000;44.1150000;27448897
26/12/17;00:00:00;43.1900000;43.2000000;41.5200000;42.2384000;38217550
27/12/17;00:00:00;42.2100000;43.0700000;42.0300000;42.4700000;21764613
28/12/17;00:00:00;42.8800000;43.0500000;41.7500000;41.8300000;25865729
29/12/17;00:00:00;41.8200000;41.8400000;40.7700000;41.1300000;39281412
02/01/18;00:00:00;41.5400000;43.7150000;41.1900000;43.6600000;33416004
03/01/18;00:00:00;44.5000000;45.0500000;44.0500000;44.9800000;37622955
04/01/18;00:00:00;45.9900000;46.9800000;45.0100000;46.8700000;46661524
05/01/18;00:00:00;46.1300000;46.6550000;45.3752000;45.7800000;41768456
08/01/18;00:00:00;45.4100000;46.0900000;44.9100000;45.5400000;28737852
09/01/18;00:00:00;45.1500000;45.5500000;42.7700000;42.9650000;57304177
10/01/18;00:00:00;41.9500000;43.3700000;41.3900000;43.3100000;48208104
11/01/18;00:00:00;43.5200000;44.0000000;42.6200000;42.8000000;34015605
12/01/18;00:00:00;42.8300000;43.3500000;42.6750000;42.8000000;24987923
16/01/18;00:00:00;43.1300000;43.8600000;42.4200000;42.9200000;33686633
17/01/18;00:00:00;43.2100000;44.3800000;42.9800000;44.2600000;32403778
18/01/18;00:00:00;44.2600000;44.6500000;43.9100000;43.9900000;21831766
19/01/18;00:00:00;43.9300000;44.2000000;42.6510000;42.7400000;36989984
22/01/18;00:00:00;42.4700000;42.8800000;41.6800000;42.8700000;30470259
23/01/18;00:00:00;43.2500000;44.6600000;42.7300000;43.9300000;36184357
24/01/18;00:00:00;43.6900000;43.9500000;42.7367000;43.0750000;27999001
25/01/18;00:00:00;44.2100000;44.7200000;42.8600000;43.0100000;36195733
26/01/18;00:00:00;43.2200000;43.8050000;43.0300000;43.6600000;24109567
29/01/18;00:00:00;43.2500000;43.4200000;42.3800000;43.2900000;24492603
30/01/18;00:00:00;41.9900000;42.7950000;41.4700000;41.6500000;34550172
31/01/18;00:00:00;42.9600000;43.9600000;42.7700000;43.7200000;40379819
01/02/18;00:00:00;43.0400000;44.0900000;42.1000000;42.4800000;31316682
02/02/18;00:00:00;41.9900000;42.2100000;40.6100000;40.8100000;36092968
05/02/18;00:00:00;40.1900000;41.5300000;39.0100000;39.4000000;38858866
06/02/18;00:00:00;40.5500000;43.9000000;40.5500000;43.8800000;59481289
07/02/18;00:00:00;43.2600000;43.5600000;41.7400000;42.0100000;44387403
08/02/18;00:00:00;42.5200000;43.0300000;40.0000000;40.0000000;46099958
09/02/18;00:00:00;41.0500000;41.1900000;37.5200000;40.3700000;59847828
12/02/18;00:00:00;41.0100000;42.6800000;40.8800000;42.1600000;40588574
13/02/18;00:00:00;42.0500000;42.9200000;41.9800000;42.6200000;26028672
14/02/18;00:00:00;41.9300000;43.6300000;41.9300000;43.4200000;32506723
15/02/18;00:00:00;43.7200000;43.9200000;42.2600000;43.5000000;31776052
16/02/18;00:00:00;43.2900000;45.1100000;43.1300000;44.2100000;43539903
20/02/18;00:00:00;44.0200000;45.2700000;43.9000000;44.8900000;32897082
21/02/18;00:00:00;45.3700000;45.5500000;44.5200000;44.5400000;28816890
22/02/18;00:00:00;44.7300000;44.8300000;44.0400000;44.2300000;21494121
23/02/18;00:00:00;45.1800000;46.8000000;45.0200000;46.5400000;43883659
26/02/18;00:00:00;47.0000000;48.2300000;46.7000000;47.9900000;37719768
27/02/18;00:00:00;47.6600000;48.9900000;47.4200000;48.5900000;39543066
28/02/18;00:00:00;48.8000000;49.4600000;48.3500000;48.7840000;36900470
01/03/18;00:00:00;48.7200000;48.8500000;46.7700000;47.6000000;56906827
02/03/18;00:00:00;46.4200000;49.2500000;45.9500000;49.1000000;47619820
05/03/18;00:00:00;48.8000000;52.3600000;48.7200000;52.0499000;61111189
06/03/18;00:00:00;53.3900000;54.6400000;53.2100000;53.7550000;64627020
07/03/18;00:00:00;53.3400000;55.0000000;53.1250000;53.9699000;55176392
08/03/18;00:00:00;54.5850000;55.4700000;54.3000000;55.2300000;47244177
09/03/18;00:00:00;55.7500000;55.8300000;53.6200000;54.5800000;57707893
12/03/18;00:00:00;56.5000000;61.1700000;56.3500000;59.3600000;127545803
13/03/18;00:00:00;62.1700000;63.4200000;58.5200000;59.4300000;130033350
14/03/18;00:00:00;59.3300000;60.6900000;57.5600000;59.7700000;73967374
15/03/18;00:00:00;59.8400000;60.1500000;58.2300000;58.8200000;45019959
16/03/18;00:00:00;60.0000000;60.6900000;59.2100000;60.5800000;59302758
19/03/18;00:00:00;60.3600000;60.9900000;58.7500000;60.1400000;63244336
20/03/18;00:00:00;60.1000000;61.2500000;59.8000000;61.1500000;46446016
21/03/18;00:00:00;61.3400000;61.7200000;60.6000000;61.0500000;46189068
22/03/18;00:00:00;60.0700000;60.3000000;58.1100000;58.9504000;61597236
23/03/18;00:00:00;57.6800000;58.8000000;53.6800000;54.2100000;105656683
26/03/18;00:00:00;56.2600000;56.7100000;52.7200000;55.5600000;62492023
27/03/18;00:00:00;55.0600000;55.4700000;51.6800000;52.4100000;62485643
28/03/18;00:00:00;51.9300000;53.3500000;50.7000000;51.5000000;58302652
29/03/18;00:00:00;52.1600000;52.6800000;51.1400000;52.1100000;50241203
02/04/18;00:00:00;51.5000000;51.7200000;49.5600000;50.0600000;54852451
03/04/18;00:00:00;50.8000000;51.7702000;50.3200000;51.5600000;45975140
04/04/18;00:00:00;49.6200000;53.5000000;49.2600000;53.3900000;53954214
05/04/18;00:00:00;52.0600000;52.2000000;49.1900000;49.8300000;78915978
06/04/18;00:00:00;47.6900000;50.4800000;47.2600000;48.4600000;68795557
09/04/18;00:00:00;49.1300000;49.8300000;47.9200000;47.9500000;43364835
10/04/18;00:00:00;49.2400000;50.7461000;48.6350000;50.4800000;45837529
11/04/18;00:00:00;50.2800000;51.8000000;50.1100000;50.4900000;35588919
12/04/18;00:00:00;51.1200000;52.9200000;51.1000000;52.5900000;39449696
13/04/18;00:00:00;53.3700000;53.4900000;51.5800000;52.2200000;38882693
16/04/18;00:00:00;52.2500000;52.4800000;51.3200000;51.6600000;25890937
17/04/18;00:00:00;51.8500000;52.7000000;51.7400000;52.2501000;30080452
18/04/18;00:00:00;51.4548000;54.2700000;50.6776000;54.0000000;50928070
19/04/18;00:00:00;52.8700000;54.1000000;50.9800000;51.4200000;48314026
20/04/18;00:00:00;51.5000000;52.0700000;50.1500000;50.6200000;33085921
23/04/18;00:00:00;50.8100000;50.8800000;48.8100000;49.0100000;38670619
24/04/18;00:00:00;49.6600000;50.2571000;46.4400000;47.1100000;55287264
25/04/18;00:00:00;47.5600000;48.3410000;46.0750000;47.6100000;37906853
26/04/18;00:00:00;49.2800000;50.1800000;48.8300000;50.1300000;34969303
27/04/18;00:00:00;51.1100000;51.3900000;47.1900000;47.5199000;44473347
30/04/18;00:00:00;47.0600000;47.6900000;45.3150000;45.9700000;50008449
01/05/18;00:00:00;45.6500000;46.8650000;45.4100000;46.7800000;28744936
02/05/18;00:00:00;45.9100000;46.7392000;45.6800000;45.8900000;26574469
03/05/18;00:00:00;45.7402000;46.8650000;45.3302000;46.6200000;27124541
04/05/18;00:00:00;46.3600000;47.7000000;46.1400000;47.5700000;25517146
07/05/18;00:00:00;48.2600000;49.1100000;48.1100000;48.4700000;28335962
08/05/18;00:00:00;48.5300000;48.8590000;47.8800000;48.5700000;19585578
09/05/18;00:00:00;49.0100000;51.0300000;48.9900000;51.0000000;32214401
10/05/18;00:00:00;51.7900000;52.6800000;51.6000000;52.6500000;32114016
11/05/18;00:00:00;52.4200000;52.8000000;51.6801000;51.8200000;24289890
14/05/18;00:00:00;52.9300000;53.7100000;52.8600000;52.9900000;28190247
15/05/18;00:00:00;53.8000000;54.1700000;52.6899000;54.0100000;37900982
16/05/18;00:00:00;55.5900000;56.9100000;55.4800000;56.5000000;51876772
17/05/18;00:00:00;56.0500000;56.4400000;53.9300000;54.6900000;47211166
18/05/18;00:00:00;53.5900000;54.6500000;52.8500000;53.3900000;39211879
21/05/18;00:00:00;56.1750000;56.4700000;54.5300000;55.4800000;56011940
22/05/18;00:00:00;59.0500000;60.5000000;58.3000000;58.9600000;98869129
23/05/18;00:00:00;59.0000000;60.0000000;58.1500000;59.9700000;58641775
24/05/18;00:00:00;60.1900000;61.9900000;59.5600000;61.4800000;66262815
25/05/18;00:00:00;60.8500000;62.1000000;60.6100000;61.3400000;47994212
29/05/18;00:00:00;61.3600000;63.9801000;61.3500000;62.6200000;68894343
30/05/18;00:00:00;63.7000000;64.6600000;60.9200000;62.5650000;76996045
31/05/18;00:00:00;60.2500000;60.2500000;57.1650000;57.5300000;90077359
01/06/18;00:00:00;58.8100000;59.3400000;56.8800000;58.7300000;67878064
04/06/18;00:00:00;57.4100000;59.1600000;56.6200000;59.1000000;58197575
05/06/18;00:00:00;59.8000000;60.1400000;58.8300000;59.4100000;35942922
06/06/18;00:00:00;59.2600000;59.5900000;58.3000000;59.4200000;31235679
07/06/18;00:00:00;59.8500000;60.2700000;58.5600000;59.6400000;36425955
08/06/18;00:00:00;58.6900000;61.6000000;58.2200000;61.3900000;51248040
11/06/18;00:00:00;61.6800000;62.5500000;61.0700000;61.4000000;36214581
12/06/18;00:00:00;61.8200000;61.8500000;59.9400000;60.5500000;36187040
13/06/18;00:00:00;60.3500000;61.2700000;60.0200000;60.0300000;29006590
14/06/18;00:00:00;60.5400000;60.5700000;58.6700000;59.1800000;35614780
15/06/18;00:00:00;58.4600000;59.1000000;57.3000000;58.2500000;37336313
18/06/18;00:00:00;57.6600000;58.6000000;56.8700000;58.4400000;31860413
19/06/18;00:00:00;57.6400000;59.4600000;57.1100000;59.2400000;35441893
20/06/18;00:00:00;60.1600000;61.1200000;58.8000000;58.9600000;40957511
21/06/18;00:00:00;61.4600000;61.8300000;59.0900000;59.4500000;62048787
22/06/18;00:00:00;60.1600000;60.4100000;57.0200000;57.0700000;54295167
25/06/18;00:00:00;55.5400000;55.6400000;52.4100000;53.1500000;65117363
26/06/18;00:00:00;54.4300000;54.7700000;53.6100000;54.5900000;36723806
27/06/18;00:00:00;55.0000000;55.3500000;52.1600000;52.2600000;47545158
28/06/18;00:00:00;52.0000000;53.3050000;51.7900000;53.1368000;30956536
29/06/18;00:00:00;53.7300000;53.8500000;52.4000000;52.4500000;27701417
02/07/18;00:00:00;51.5200000;54.5300000;51.3200000;54.4800000;34585715
03/07/18;00:00:00;54.5500000;54.7900000;50.1000000;50.6800000;49022877
05/07/18;00:00:00;52.8500000;53.3100000;51.9400000;52.8400000;43523187
06/07/18;00:00:00;52.5400000;53.4100000;51.9800000;53.2400000;28369127
09/07/18;00:00:00;53.7700000;54.5000000;53.1100000;54.3100000;27165729
10/07/18;00:00:00;54.6000000;55.9000000;54.3500000;55.7400000;30367120
11/07/18;00:00:00;54.3600000;55.0000000;53.7650000;54.1800000;34904130
12/07/18;00:00:00;54.6500000;55.6600000;54.3500000;55.4600000;25086721
13/07/18;00:00:00;55.5100000;56.5900000;55.3200000;56.3600000;26037825
16/07/18;00:00:00;56.6000000;57.1800000;56.0600000;56.1400000;22837289
17/07/18;00:00:00;55.8400000;57.1300000;55.5000000;56.9600000;21686542
18/07/18;00:00:00;57.2000000;58.1500000;56.9200000;57.4500000;27039111
19/07/18;00:00:00;57.2500000;57.5550000;55.6700000;56.2100000;31146363
20/07/18;00:00:00;56.0800000;56.1400000;54.8300000;55.0100000;25987114
23/07/18;00:00:00;53.5100000;54.5800000;52.2190000;54.2800000;37358183
24/07/18;00:00:00;55.0000000;55.4000000;52.9400000;53.1600000;34044131
25/07/18;00:00:00;52.6300000;54.2200000;52.3000000;53.3900000;35447465
26/07/18;00:00:00;53.6000000;54.7400000;53.4500000;53.7600000;24726710
27/07/18;00:00:00;54.4600000;54.6300000;53.1100000;53.9600000;27189984
30/07/18;00:00:00;54.1900000;54.2500000;52.4200000;53.0100000;23313411
31/07/18;00:00:00;53.7900000;54.2200000;52.7700000;52.7800000;24820843
01/08/18;00:00:00;52.7300000;53.5800000;52.1700000;52.2900000;22274610
02/08/18;00:00:00;51.7300000;53.5500000;51.3800000;53.3900000;25292107
03/08/18;00:00:00;53.3400000;53.4000000;52.2600000;52.8100000;20389583
06/08/18;00:00:00;52.1800000;52.8100000;51.5000000;52.6800000;26147281
07/08/18;00:00:00;52.9400000;53.4400000;52.7000000;53.0400000;17451151
08/08/18;00:00:00;52.8400000;53.5300000;52.4642000;53.3900000;15995856
09/08/18;00:00:00;52.7000000;52.8500000;51.9300000;52.2600000;30675894
10/08/18;00:00:00;51.2500000;51.9500000;51.0200000;51.3600000;27273543
13/08/18;00:00:00;51.6100000;52.0600000;51.2750000;51.3500000;20544669
14/08/18;00:00:00;51.6700000;51.7700000;50.0110000;50.6200000;26848302
15/08/18;00:00:00;49.8300000;49.8600000;47.1400000;47.4800000;51703719
16/08/18;00:00:00;48.2000000;48.3100000;46.9641000;47.1000000;28499329
17/08/18;00:00:00;46.2300000;47.3600000;45.6200000;47.1100000;30795994
20/08/18;00:00:00;47.2600000;48.6100000;46.4743000;48.0600000;29276914
21/08/18;00:00:00;48.9000000;50.3700000;48.8700000;49.9450000;33057487
22/08/18;00:00:00;50.3800000;50.6500000;49.8700000;50.2400000;23612695
23/08/18;00:00:00;50.0500000;50.2400000;49.4000000;49.6900000;22897558
24/08/18;00:00:00;49.9200000;50.8200000;49.9200000;50.7100000;21994950
27/08/18;00:00:00;51.4000000;52.4500000;51.1700000;52.0600000;26007752
28/08/18;00:00:00;52.4200000;52.5600000;51.4700000;52.3450000;22407985
29/08/18;00:00:00;52.0900000;52.1600000;51.3000000;51.8300000;23671450
30/08/18;00:00:00;51.5600000;53.6800000;51.4000000;52.7600000;28659378
31/08/18;00:00:00;52.7000000;53.2300000;52.2200000;52.5300000;20529431
04/09/18;00:00:00;52.1500000;52.3000000;50.7146000;51.9400000;24096397
05/09/18;00:00:00;51.3900000;51.6000000;49.0700000;49.5500000;34295168
06/09/18;00:00:00;48.2000000;48.4500000;44.0600000;44.6500000;87374294
07/09/18;00:00:00;45.1400000;46.4600000;44.6500000;44.8500000;39012239
10/09/18;00:00:00;45.2500000;45.3800000;44.3900000;44.9100000;26235266
11/09/18;00:00:00;43.5900000;43.7500000;42.3500000;43.6000000;42860435
12/09/18;00:00:00;41.2500000;42.1800000;40.6800000;41.7300000;58487356
13/09/18;00:00:00;42.3000000;44.4948000;42.3000000;43.6150000;53172798
14/09/18;00:00:00;44.1100000;44.5600000;43.4600000;44.3000000;33105320
17/09/18;00:00:00;43.5900000;44.3200000;43.2500000;43.5800000;24935411
18/09/18;00:00:00;43.9300000;45.8700000;43.8800000;45.3300000;32386215
19/09/18;00:00:00;45.7800000;46.0600000;44.8400000;45.0600000;25237963
20/09/18;00:00:00;46.4000000;47.2199000;45.9100000;46.0700000;52721047
21/09/18;00:00:00;44.4000000;45.6000000;43.8000000;44.7100000;76086713
24/09/18;00:00:00;44.2100000;45.6500000;43.8600000;45.1700000;29306695
25/09/18;00:00:00;45.1100000;45.4606000;44.0200000;44.6300000;27432801
26/09/18;00:00:00;44.2900000;44.7600000;43.9600000;44.3600000;26471731
27/09/18;00:00:00;44.2300000;45.5200000;44.0460000;44.9900000;23960404
28/09/18;00:00:00;44.6500000;45.6100000;44.4900000;45.2500000;22961326
01/10/18;00:00:00;45.4600000;46.0800000;45.0100000;45.1300000;23760326
02/10/18;00:00:00;44.9000000;46.6900000;44.8800000;45.7700000;29444660
03/10/18;00:00:00;46.2800000;46.4150000;44.7148000;45.1500000;26473311
04/10/18;00:00:00;44.5000000;44.7500000;43.5100000;44.1600000;30649438
05/10/18;00:00:00;44.0800000;44.6300000;42.8100000;43.5900000;28843479
08/10/18;00:00:00;43.2800000;43.8500000;42.6100000;43.0700000;23296054
09/10/18;00:00:00;42.9300000;43.0400000;41.9800000;42.2700000;27942004
10/10/18;00:00:00;41.5000000;42.7500000;41.3200000;41.6200000;38450639
11/10/18;00:00:00;41.9300000;42.9200000;41.4250000;41.9700000;40684485
12/10/18;00:00:00;43.6300000;43.7500000;41.9200000;42.4800000;27495190
15/10/18;00:00:00;42.0300000;42.5500000;41.6300000;42.3450000;24458621
16/10/18;00:00:00;42.8000000;43.3500000;42.3000000;43.2100000;24240140
17/10/18;00:00:00;43.3300000;43.3900000;42.1100000;42.3500000;23227407
18/10/18;00:00:00;42.0300000;42.2125000;41.1400000;41.3050000;26325500
19/10/18;00:00:00;41.6700000;41.9850000;40.2700000;40.4500000;23012477
22/10/18;00:00:00;40.5600000;40.7000000;38.6400000;39.7400000;30421852
23/10/18;00:00:00;38.1500000;39.1100000;37.4100000;38.6900000;40813142
24/10/18;00:00:00;38.0100000;38.3000000;35.4000000;35.4500000;45082817
25/10/18;00:00:00;35.5900000;37.1600000;35.0600000;36.7600000;31841673
26/10/18;00:00:00;35.2800000;35.9100000;34.3000000;35.4000000;35256696
29/10/18;00:00:00;36.1600000;36.2000000;33.8200000;34.6900000;29827797
30/10/18;00:00:00;34.6400000;36.0500000;34.4950000;36.0200000;31172142
31/10/18;00:00:00;36.5800000;38.0400000;35.8000000;37.7200000;35234550
01/11/18;00:00:00;37.9800000;40.2000000;37.5200000;40.1000000;38231500
02/11/18;00:00:00;40.1800000;40.9400000;39.6400000;40.3300000;29249869
05/11/18;00:00:00;40.1000000;40.2400000;38.7700000;39.9365000;19781973
06/11/18;00:00:00;39.7400000;40.5600000;39.5600000;39.7800000;16909096
07/11/18;00:00:00;40.3200000;41.0500000;39.9600000;40.9300000;19376005
08/11/18;00:00:00;40.6700000;41.4300000;40.3400000;40.4500000;13213165
09/11/18;00:00:00;39.9000000;39.9900000;38.4100000;39.1200000;21562033
12/11/18;00:00:00;38.2400000;38.5300000;36.8350000;37.4400000;21678438
13/11/18;00:00:00;37.6700000;38.7400000;37.4400000;37.8500000;23180662
14/11/18;00:00:00;38.6200000;38.9700000;37.6100000;38.0300000;20119821
15/11/18;00:00:00;37.9500000;40.1750000;37.6200000;39.9200000;26106066
16/11/18;00:00:00;38.4200000;39.7055000;38.3300000;39.4500000;21196484
19/11/18;00:00:00;39.2000000;39.3200000;36.6700000;36.8200000;25154017
20/11/18;00:00:00;34.1000000;36.9900000;34.0500000;36.1200000;33597766
21/11/18;00:00:00;37.0200000;37.2200000;36.3700000;36.3800000;18658908
23/11/18;00:00:00;35.9300000;37.5000000;35.9200000;36.4200000;10557890
26/11/18;00:00:00;37.7500000;37.7900000;35.5250000;36.5400000;23609803
27/11/18;00:00:00;36.0900000;37.4500000;36.0200000;37.0000000;18385515
28/11/18;00:00:00;37.2900000;39.0000000;35.9950000;38.7300000;37442189
29/11/18;00:00:00;38.3000000;38.7100000;37.7300000;37.9100000;21001746
30/11/18;00:00:00;37.7500000;38.6300000;36.9400000;38.5600000;19682650
03/12/18;00:00:00;40.2000000;40.2400000;39.1500000;40.0425000;30839486
04/12/18;00:00:00;39.5500000;39.8700000;36.7200000;36.8700000;32097332
06/12/18;00:00:00;35.7000000;37.6800000;35.1300000;37.6800000;31160573
07/12/18;00:00:00;37.6200000;37.6200000;35.2100000;35.3200000;25890873
10/12/18;00:00:00;34.8000000;35.7200000;34.5300000;34.8000000;29612360
11/12/18;00:00:00;35.5900000;36.2600000;35.1000000;35.2200000;23088881
12/12/18;00:00:00;35.9400000;36.6100000;35.4000000;36.0400000;21360684
13/12/18;00:00:00;36.2900000;36.3700000;34.7600000;35.0000000;20550885
14/12/18;00:00:00;34.4700000;35.4500000;34.0600000;34.1800000;22825794
17/12/18;00:00:00;34.1600000;35.2200000;33.6000000;33.9000000;26190657
18/12/18;00:00:00;34.3900000;34.9350000;33.9700000;34.1200000;34195600
19/12/18;00:00:00;31.6600000;33.5800000;31.2700000;31.4099000;94298658
20/12/18;00:00:00;31.6000000;32.9000000;30.8600000;31.2800000;52290533
21/12/18;00:00:00;31.6800000;32.0500000;30.1100000;30.3200000;36291849
24/12/18;00:00:00;29.8600000;30.3500000;28.8000000;29.0000000;21608856
26/12/18;00:00:00;29.3400000;30.9100000;28.3900000;30.8900000;40189846
27/12/18;00:00:00;30.4000000;32.0100000;30.2300000;31.9400000;33474669
28/12/18;00:00:00;32.0000000;32.2785000;31.4000000;31.5700000;26675902
31/12/18;00:00:00;32.0100000;32.4000000;31.4600000;31.7200000;18078063
02/01/19;00:00:00;31.0000000;33.0800000;30.7500000;32.7600000;23030745
03/01/19;00:00:00;31.8200000;32.1500000;30.8600000;31.0000000;25952935
04/01/19;00:00:00;31.6600000;33.0400000;31.5500000;32.6900000;23906209
07/01/19;00:00:00;33.6600000;34.4500000;33.3100000;34.0100000;36366700
08/01/19;00:00:00;34.5500000;34.5850000;32.8050000;33.7400000;28632815
09/01/19;00:00:00;34.9700000;36.2901000;34.9200000;35.4700000;48336877
10/01/19;00:00:00;35.2700000;35.9500000;35.0800000;35.9100000;21453853
11/01/19;00:00:00;35.4300000;36.7300000;35.0100000;36.0100000;27505961
14/01/19;00:00:00;34.7400000;34.9200000;34.2600000;34.6800000;30487430
15/01/19;00:00:00;35.0200000;35.2300000;33.6500000;33.9800000;26645236
16/01/19;00:00:00;34.0400000;34.3300000;33.5300000;33.5700000;20684671
17/01/19;00:00:00;33.2300000;34.2000000;32.6600000;33.8800000;26735568
18/01/19;00:00:00;34.1900000;36.1900000;34.0600000;35.7700000;40856468
22/01/19;00:00:00;35.2400000;35.2500000;33.5500000;33.9300000;31742586
23/01/19;00:00:00;34.1200000;34.6850000;33.4400000;34.2454000;27894735
24/01/19;00:00:00;35.3100000;37.4400000;35.1000000;36.6000000;58115740
25/01/19;00:00:00;38.0700000;39.3050000;37.5000000;38.9800000;54916380
28/01/19;00:00:00;36.9500000;38.9600000;36.6500000;38.0700000;39798406
29/01/19;00:00:00;38.2600000;38.9800000;37.2500000;37.3900000;26834875
30/01/19;00:00:00;38.3200000;38.7600000;37.5900000;38.2500000;29073803
31/01/19;00:00:00;37.6300000;38.8200000;37.2850000;38.2100000;30859366
01/02/19;00:00:00;38.3100000;39.8600000;38.2300000;39.5900000;33704040
04/02/19;00:00:00;39.5500000;39.6100000;38.5100000;39.4700000;22776580
05/02/19;00:00:00;39.2400000;40.3300000;39.1700000;39.3400000;20325499
06/02/19;00:00:00;40.4000000;41.9588000;40.3700000;41.5300000;40566816
07/02/19;00:00:00;40.8800000;41.0500000;38.9100000;39.3800000;36548773
08/02/19;00:00:00;37.8300000;38.7800000;37.4531000;38.5900000;32244885
11/02/19;00:00:00;38.6000000;38.8700000;37.3600000;38.5800000;26382964
12/02/19;00:00:00;39.3900000;40.7700000;39.2400000;40.4100000;38455727
13/02/19;00:00:00;40.8600000;42.2800000;40.8015000;41.6800000;42183516
14/02/19;00:00:00;41.3900000;43.1600000;41.3100000;42.2200000;36369125
15/02/19;00:00:00;42.2600000;42.3950000;41.4200000;41.9900000;25326753
19/02/19;00:00:00;41.6900000;42.4900000;41.5000000;41.9600000;21771340
20/02/19;00:00:00;42.3100000;43.2600000;42.1300000;42.2200000;23483242
21/02/19;00:00:00;42.4700000;42.8700000;41.4200000;41.5300000;20886159
22/02/19;00:00:00;42.0800000;42.5700000;41.8300000;42.5700000;19822591
25/02/19;00:00:00;43.8000000;43.9900000;42.7000000;42.7500000;21739465
26/02/19;00:00:00;42.3500000;43.1450000;42.2900000;42.9400000;15733876
27/02/19;00:00:00;42.6200000;42.7600000;41.0100000;41.3100000;24937541
28/02/19;00:00:00;40.2000000;41.1500000;39.8000000;40.8800000;21246064
01/03/19;00:00:00;41.6400000;42.5600000;41.1100000;41.5900000;22636910
04/03/19;00:00:00;41.9300000;42.1500000;40.6400000;41.0600000;23862504
05/03/19;00:00:00;40.2500000;40.6700000;39.5100000;39.9900000;25278699
06/03/19;00:00:00;39.3900000;39.4500000;37.5200000;37.9300000;40797884
07/03/19;00:00:00;37.5400000;38.3100000;37.1399000;37.8300000;28079683
08/03/19;00:00:00;36.8900000;38.8150000;36.5700000;38.6600000;30098134
11/03/19;00:00:00;38.9100000;39.5500000;38.8300000;39.0200000;20997703
12/03/19;00:00:00;39.1700000;39.4000000;38.8300000;39.2400000;16025929
13/03/19;00:00:00;39.4000000;39.7200000;38.6400000;38.8200000;19675843
14/03/19;00:00:00;38.7700000;39.6300000;38.3400000;38.4050000;17420539
15/03/19;00:00:00;38.4900000;39.8400000;38.4300000;39.5300000;23925791
18/03/19;00:00:00;39.6000000;40.4100000;39.1500000;39.6300000;19067121
19/03/19;00:00:00;39.9300000;41.0500000;39.8900000;40.3800000;28768056
20/03/19;00:00:00;40.5200000;40.7500000;39.6200000;40.0700000;30289886
21/03/19;00:00:00;41.7000000;44.2100000;41.6000000;44.0000000;75305074
22/03/19;00:00:00;43.4700000;43.4800000;41.5500000;41.6300000;42552319
25/03/19;00:00:00;41.3400000;41.9800000;40.0630000;40.5600000;31276701
26/03/19;00:00:00;41.2100000;41.6500000;40.1000000;40.3100000;22050875
27/03/19;00:00:00;40.4200000;40.8500000;39.0100000;39.2300000;24096596
28/03/19;00:00:00;39.4000000;39.9400000;39.0200000;39.3300000;22333758
29/03/19;00:00:00;40.2500000;41.5200000;40.2000000;41.3300000;31912409
01/04/19;00:00:00;42.1800000;42.7600000;41.7150000;42.2500000;24995132
02/04/19;00:00:00;42.0800000;42.7900000;41.7500000;42.4500000;19112813
03/04/19;00:00:00;43.6700000;44.8500000;43.5500000;43.9000000;34948842
04/04/19;00:00:00;42.3600000;43.3300000;42.2500000;42.8900000;30168788
05/04/19;00:00:00;43.3200000;43.5350000;42.7200000;43.3100000;18905425
08/04/19;00:00:00;42.1900000;43.1400000;42.1200000;42.9000000;20187718
09/04/19;00:00:00;42.5400000;42.6000000;41.2700000;41.7300000;25472909
10/04/19;00:00:00;41.6900000;42.4350000;41.5100000;42.1800000;20566443
11/04/19;00:00:00;42.2000000;42.7250000;42.1300000;42.2900000;16284748
12/04/19;00:00:00;42.7800000;43.1950000;41.8050000;42.0100000;17905401
15/04/19;00:00:00;42.1700000;42.2300000;41.2000000;41.8300000;14186536
16/04/19;00:00:00;42.3500000;42.9300000;42.0800000;42.7600000;16561878
17/04/19;00:00:00;43.2100000;44.0500000;42.7600000;43.1600000;19699896
18/04/19;00:00:00;43.1300000;43.5300000;42.7900000;43.4200000;12437260
22/04/19;00:00:00;43.1400000;43.5700000;42.5300000;43.4000000;14052284
23/04/19;00:00:00;43.4600000;43.4700000;42.7200000;42.7615000;15019619
24/04/19;00:00:00;42.8200000;43.4000000;42.3800000;43.0300000;16481594
25/04/19;00:00:00;43.6200000;44.6500000;42.6900000;42.7500000;24816550
26/04/19;00:00:00;41.4600000;42.2800000;40.7650000;42.0900000;23692470
29/04/19;00:00:00;42.1100000;42.6100000;41.7300000;42.1000000;11783553
30/04/19;00:00:00;41.9600000;42.3600000;41.5800000;42.0600000;13961092
01/05/19;00:00:00;42.4200000;42.9300000;41.8900000;41.9000000;15441121
02/05/19;00:00:00;42.0000000;43.2000000;41.6300000;42.5500000;15033181
03/05/19;00:00:00;42.4900000;43.3800000;42.4100000;43.3400000;14472547
06/05/19;00:00:00;41.4000000;42.2901000;41.0000000;42.1400000;22630515
07/05/19;00:00:00;41.6800000;41.9300000;39.7300000;40.2500000;27882838
08/05/19;00:00:00;39.9300000;40.4950000;39.5800000;39.7550000;23218793
09/05/19;00:00:00;39.0200000;39.6300000;38.2000000;39.2600000;24408560
10/05/19;00:00:00;38.9700000;39.2900000;37.6452000;38.9300000;26604202
13/05/19;00:00:00;37.4000000;37.9800000;37.0566000;37.3800000;26175988
14/05/19;00:00:00;37.9100000;38.6100000;37.4000000;38.5200000;20426632
15/05/19;00:00:00;37.9200000;38.7000000;37.7600000;38.4000000;15010055
16/05/19;00:00:00;37.7400000;37.9900000;37.1000000;37.3100000;25512845
17/05/19;00:00:00;36.6100000;37.2799000;35.8000000;36.0600000;26175443
20/05/19;00:00:00;34.8200000;35.2000000;34.3250000;34.6200000;29839992
21/05/19;00:00:00;35.2900000;35.8800000;35.1500000;35.6500000;25511775
22/05/19;00:00:00;35.2000000;35.4500000;34.6300000;34.7200000;18002240
23/05/19;00:00:00;33.9400000;33.9400000;32.9600000;33.8200000;27289692
24/05/19;00:00:00;34.1600000;34.3600000;33.5900000;33.9900000;17515693
28/05/19;00:00:00;34.1500000;34.3100000;32.8800000;32.9300000;21288021
29/05/19;00:00:00;32.3000000;33.4200000;32.1750000;33.2900000;25156515
30/05/19;00:00:00;33.4300000;34.3200000;33.0310000;33.3100000;18613222
31/05/19;00:00:00;32.5900000;33.3250000;32.5200000;32.6100000;15759734
03/06/19;00:00:00;32.9400000;33.2200000;32.4700000;32.6800000;18364924
04/06/19;00:00:00;33.3600000;34.5600000;33.1000000;34.5099000;21766845
05/06/19;00:00:00;35.2000000;35.3950000;33.0400000;33.3200000;22769961
06/06/19;00:00:00;33.3100000;33.8200000;32.9400000;33.4900000;19012066
07/06/19;00:00:00;33.5500000;34.0250000;33.2200000;33.9800000;18061533
10/06/19;00:00:00;34.6000000;35.5400000;34.5200000;34.9500000;18632342
11/06/19;00:00:00;35.8000000;35.9900000;34.7500000;34.8400000;16494096
12/06/19;00:00:00;34.0100000;34.1000000;32.7300000;32.9500000;25238013
13/06/19;00:00:00;33.0800000;33.6389000;33.0050000;33.3800000;14144565
14/06/19;00:00:00;32.5000000;32.8400000;32.2450000;32.6600000;16916855
17/06/19;00:00:00;32.5400000;32.8500000;32.1400000;32.4400000;16384715
18/06/19;00:00:00;32.9300000;34.8900000;32.9000000;34.3300000;28937354
19/06/19;00:00:00;34.6900000;34.6900000;33.7050000;33.9500000;17341261
20/06/19;00:00:00;34.8400000;35.2600000;34.0200000;34.1400000;18096709
21/06/19;00:00:00;33.6600000;33.8900000;32.7300000;33.2300000;29955284
24/06/19;00:00:00;33.1700000;34.0800000;33.0200000;33.1900000;23605127
25/06/19;00:00:00;33.3500000;33.8800000;32.6100000;32.7000000;26297166
26/06/19;00:00:00;35.8700000;37.6136000;35.7000000;37.0500000;88312036
27/06/19;00:00:00;36.8600000;38.3300000;36.5100000;38.0700000;43622097
28/06/19;00:00:00;39.3600000;39.4000000;38.0500000;38.5900000;40337079
01/07/19;00:00:00;41.1100000;41.7100000;39.7400000;40.1100000;51525031
02/07/19;00:00:00;39.6200000;40.0350000;39.0250000;39.6000000;26647440
03/07/19;00:00:00;39.6000000;39.7700000;39.1700000;39.4750000;12648706
05/07/19;00:00:00;39.0400000;39.5600000;38.7999000;39.4300000;16005860
08/07/19;00:00:00;39.0300000;40.6100000;38.9400000;40.4100000;24238547
09/07/19;00:00:00;40.1800000;41.4100000;40.0817000;41.3400000;23752137
10/07/19;00:00:00;42.2300000;44.0000000;42.0400000;42.9100000;45898668
11/07/19;00:00:00;43.2200000;43.5400000;42.4406000;43.4800000;26186418
12/07/19;00:00:00;43.7500000;44.7000000;43.3600000;44.5100000;29791188
15/07/19;00:00:00;44.6900000;45.2699000;43.7100000;44.4200000;24205798
16/07/19;00:00:00;44.0500000;44.1000000;42.9300000;43.0600000;26619522
17/07/19;00:00:00;43.0000000;43.7500000;42.6000000;43.3800000;17535414
18/07/19;00:00:00;43.6100000;44.9300000;43.5000000;44.6700000;24005689
19/07/19;00:00:00;45.1300000;46.0000000;44.6300000;45.5200000;33067462
22/07/19;00:00:00;46.5000000;47.4250000;46.3100000;47.2000000;40740635
23/07/19;00:00:00;46.7800000;47.1400000;46.2300000;46.9300000;25812941
24/07/19;00:00:00;46.9000000;48.2300000;46.8200000;47.9800000;29201544
25/07/19;00:00:00;48.4000000;48.7000000;47.5900000;47.7700000;24407193
26/07/19;00:00:00;47.9600000;48.1300000;47.0900000;47.4800000;17118509
29/07/19;00:00:00;46.8900000;46.9700000;45.8500000;46.8000000;18408809
30/07/19;00:00:00;46.8800000;47.6800000;46.1950000;47.4600000;18225478
31/07/19;00:00:00;46.7500000;46.7900000;44.4400000;44.8900000;30086227
01/08/19;00:00:00;45.0200000;45.9550000;42.8350000;43.6000000;33864850
02/08/19;00:00:00;42.6400000;44.4050000;42.2200000;44.0800000;28442868
05/08/19;00:00:00;42.4000000;42.5100000;41.3600000;41.9350000;29914852
06/08/19;00:00:00;42.6100000;43.1900000;41.6900000;42.6200000;22674386
07/08/19;00:00:00;41.9900000;42.9500000;40.7000000;41.7300000;30832879
08/08/19;00:00:00;42.0700000;42.7600000;41.6700000;42.6400000;15605336
09/08/19;00:00:00;42.0400000;42.2400000;40.8700000;41.5200000;19831539
12/08/19;00:00:00;41.0500000;42.4000000;40.9700000;42.1400000;20680023
13/08/19;00:00:00;42.6000000;45.0800000;42.5100000;44.1900000;28296062
14/08/19;00:00:00;42.8800000;43.1500000;41.6600000;42.0300000;21008574
15/08/19;00:00:00;42.3400000;42.5555000;41.5000000;42.2400000;13861562
16/08/19;00:00:00;42.6400000;43.8750000;42.5500000;43.5500000;15460075
19/08/19;00:00:00;44.6600000;45.3700000;44.3400000;45.0000000;19443557
20/08/19;00:00:00;44.8500000;44.9650000;44.0400000;44.2300000;11248465
21/08/19;00:00:00;44.8100000;45.0000000;43.9000000;44.1800000;11938599
22/08/19;00:00:00;44.4900000;45.4500000;44.0500000;44.7800000;16774770
23/08/19;00:00:00;44.0000000;44.9700000;42.6600000;42.9600000;23039797
26/08/19;00:00:00;43.7400000;43.7700000;43.1600000;43.4300000;10557174
27/08/19;00:00:00;43.7700000;43.8000000;42.3500000;42.4100000;14026989
28/08/19;00:00:00;42.1000000;43.2600000;41.6600000;43.1400000;9357682
29/08/19;00:00:00;43.9900000;45.2200000;43.9100000;44.6800000;15869184
30/08/19;00:00:00;45.1600000;45.9250000;45.0500000;45.2600000;13521608
03/09/19;00:00:00;44.6000000;45.3300000;44.4400000;44.9900000;13817976
04/09/19;00:00:00;46.4500000;47.5000000;46.4000000;46.8300000;22687097
05/09/19;00:00:00;47.8600000;50.0000000;47.8600000;49.0200000;29473011
06/09/19;00:00:00;48.8600000;49.5000000;48.7000000;48.9600000;17299069
09/09/19;00:00:00;49.5400000;50.0000000;48.8600000;49.1500000;16528707
10/09/19;00:00:00;49.3600000;49.9350000;48.5000000;49.3900000;19163738
11/09/19;00:00:00;50.0600000;51.3900000;49.8400000;50.4800000;26458053
12/09/19;00:00:00;50.8000000;51.1200000;50.1000000;50.4300000;16663628
13/09/19;00:00:00;50.5100000;50.9500000;50.0600000;50.5100000;12277764
16/09/19;00:00:00;49.6400000;50.2400000;49.0200000;50.1400000;14405162
17/09/19;00:00:00;50.1900000;50.9100000;49.9250000;50.8500000;11961871
18/09/19;00:00:00;51.0000000;51.1700000;49.6900000;50.4900000;13207612
19/09/19;00:00:00;51.1500000;51.3000000;49.7500000;49.8300000;14429904
20/09/19;00:00:00;50.3400000;50.4500000;48.7700000;49.1700000;17904450
23/09/19;00:00:00;49.5100000;50.1900000;49.4800000;49.6400000;12825678
24/09/19;00:00:00;49.8100000;49.9000000;48.0500000;48.5000000;20004755
25/09/19;00:00:00;48.5400000;49.7000000;47.8600000;49.4700000;20992924
26/09/19;00:00:00;49.4500000;49.7400000;48.1250000;48.5900000;25047115
27/09/19;00:00:00;45.9000000;45.9200000;42.9100000;43.2050000;68209039
30/09/19;00:00:00;43.0000000;43.4700000;42.5800000;42.8500000;26636417
01/10/19;00:00:00;43.1100000;43.3400000;41.7500000;42.3100000;25146504
02/10/19;00:00:00;41.8200000;42.6700000;41.7600000;41.9800000;23155892
03/10/19;00:00:00;42.0400000;43.4900000;41.7600000;43.4800000;20820324
04/10/19;00:00:00;43.7800000;44.6200000;43.2900000;44.5400000;18545542
07/10/19;00:00:00;44.3600000;44.7300000;44.0600000;44.1600000;12969931
08/10/19;00:00:00;43.5400000;43.8400000;42.6224000;42.6400000;17537464
09/10/19;00:00:00;43.1800000;43.3800000;42.8300000;42.8800000;11159018
10/10/19;00:00:00;42.8700000;43.7900000;42.6100000;43.3000000;13026317
11/10/19;00:00:00;44.3200000;45.8150000;44.2800000;45.1000000;23844411
14/10/19;00:00:00;44.9600000;45.3300000;44.8000000;44.8600000;9288419
15/10/19;00:00:00;45.2100000;46.5500000;45.0400000;46.4500000;15003276
16/10/19;00:00:00;45.9900000;46.5500000;45.0800000;45.1600000;14369451
17/10/19;00:00:00;45.7400000;46.1200000;45.2800000;45.5100000;10368582
18/10/19;00:00:00;44.8300000;44.9800000;43.2250000;43.4700000;22548734
21/10/19;00:00:00;43.9300000;45.3000000;43.9200000;45.2457000;13004278
22/10/19;00:00:00;45.3000000;45.7000000;44.6200000;44.6600000;11471807
23/10/19;00:00:00;44.0500000;44.8150000;43.9500000;44.6700000;10988317
24/10/19;00:00:00;45.9100000;47.1600000;45.5800000;47.1200000;22735675
25/10/19;00:00:00;47.3200000;48.2650000;46.9200000;48.0300000;17393931
28/10/19;00:00:00;48.5000000;48.7500000;48.2300000;48.7000000;13307258
29/10/19;00:00:00;48.7500000;49.1700000;48.0600000;48.1200000;9634700
30/10/19;00:00:00;48.2200000;48.3373000;47.2583000;47.8850000;9471671
31/10/19;00:00:00;47.3900000;47.5800000;46.4600000;47.5600000;12491175
01/11/19;00:00:00;47.4700000;48.5400000;47.2500000;48.3900000;14658428
04/11/19;00:00:00;49.3800000;49.9000000;49.2500000;49.6000000;13421213
05/11/19;00:00:00;49.6200000;49.7200000;48.6050000;48.6800000;11609113
06/11/19;00:00:00;48.1500000;48.3000000;47.1050000;47.6800000;18495031
07/11/19;00:00:00;48.5200000;49.0800000;48.0000000;48.4300000;16413282
08/11/19;00:00:00;47.6800000;48.0050000;46.9500000;47.1800000;15934625
11/11/19;00:00:00;46.7400000;46.7400000;45.8500000;46.2500000;12575958
12/11/19;00:00:00;46.8000000;47.6800000;46.6800000;46.8900000;13310067
13/11/19;00:00:00;46.5200000;46.5500000;45.8100000;46.2900000;13360640
14/11/19;00:00:00;46.0900000;46.8300000;45.7700000;46.8100000;10249177
15/11/19;00:00:00;47.5300000;48.5200000;47.3400000;47.7000000;13724395
18/11/19;00:00:00;47.9600000;48.4050000;47.4700000;47.8200000;10343447
19/11/19;00:00:00;48.1400000;48.1800000;46.2800000;46.5700000;16095597
20/11/19;00:00:00;46.1500000;46.5048000;45.2300000;45.5500000;18031874
21/11/19;00:00:00;45.3600000;46.1800000;45.0400000;45.5400000;11899596
22/11/19;00:00:00;45.8200000;46.3800000;45.7500000;45.8700000;9713042
25/11/19;00:00:00;46.1000000;47.5500000;45.9400000;47.5400000;15480282
26/11/19;00:00:00;47.6500000;47.6700000;46.5400000;46.7200000;9950826
27/11/19;00:00:00;47.3500000;48.2650000;47.1100000;48.1700000;13324677
29/11/19;00:00:00;47.8900000;47.9500000;47.4400000;47.5664000;6725286
02/12/19;00:00:00;47.5800000;47.9500000;46.3450000;46.3800000;13561049
03/12/19;00:00:00;45.1200000;45.4000000;44.5500000;45.2200000;16647635
04/12/19;00:00:00;46.1800000;46.6000000;45.7300000;46.3000000;14189622
05/12/19;00:00:00;46.6700000;47.4000000;46.2500000;46.6200000;10484526
06/12/19;00:00:00;47.4400000;48.3300000;47.3200000;47.9500000;16792263
09/12/19;00:00:00;47.5500000;47.7700000;46.4300000;46.4400000;13851617
10/12/19;00:00:00;47.0400000;47.9200000;46.7200000;47.5000000;15172500
11/12/19;00:00:00;47.7500000;49.3400000;47.6900000;49.2600000;18342623
12/12/19;00:00:00;49.3800000;51.3300000;49.3200000;50.9800000;32279030
13/12/19;00:00:00;51.0200000;52.3200000;50.7000000;51.2200000;25097526
16/12/19;00:00:00;52.7000000;54.3000000;52.6920000;52.9500000;33367103
17/12/19;00:00:00;53.9900000;54.0000000;52.6500000;53.0000000;22865492
18/12/19;00:00:00;52.9900000;53.7200000;52.3700000;53.0800000;27443757
19/12/19;00:00:00;55.0300000;55.2900000;53.9000000;54.5400000;49460867
20/12/19;00:00:00;54.8200000;55.9300000;54.6343000;55.0100000;29506987
23/12/19;00:00:00;55.2600000;56.1100000;55.1400000;55.4000000;20029928
24/12/19;00:00:00;55.4500000;55.6400000;55.0350000;55.4162000;8008699
26/12/19;00:00:00;55.4500000;55.6500000;54.9147000;55.1000000;12188226
27/12/19;00:00:00;55.2400000;55.5300000;53.8850000;54.0300000;14616392
30/12/19;00:00:00;53.7700000;53.8800000;52.6600000;53.2100000;13063652
31/12/19;00:00:00;52.9500000;53.9000000;52.7800000;53.7700000;11048798
02/01/20;00:00:00;54.8400000;55.4900000;54.5150000;55.3800000;1209181
03/01/20;00:00:00;54.2400000;55.3000000;54.0100000;54.6100000;1042906
06/01/20;00:00:00;53.6200000;54.1400000;53.1800000;53.5600000;1045197
07/01/20;00:00:00;55.3900000;58.4000000;55.3700000;58.3000000;3651309
08/01/20;00:00:00;58.1000000;58.3700000;57.0700000;57.5400000;1723444
09/01/20;00:00:00;58.2700000;58.4700000;56.4800000;57.3100000;1521461
10/01/20;00:00:00;57.4400000;57.4900000;56.2750000;56.6600000;1254041
13/01/20;00:00:00;57.0500000;57.7800000;56.8600000;57.4700000;1059851
14/01/20;00:00:00;57.7500000;58.2900000;56.4600000;57.5000000;2014976
15/01/20;00:00:00;57.0700000;57.0700000;55.8400000;56.1700000;1508787
16/01/20;00:00:00;56.7900000;57.8350000;56.7700000;57.6800000;1424559
17/01/20;00:00:00;58.0200000;58.1000000;57.0200000;57.6500000;1375200
21/01/20;00:00:00;57.3700000;59.0100000;57.3700000;58.9600000;1393925
22/01/20;00:00:00;59.5600000;60.2400000;58.8600000;59.2100000;1573094
23/01/20;00:00:00;60.2900000;60.5600000;59.0400000;59.1500000;1567141
24/01/20;00:00:00;59.9700000;60.0100000;57.2500000;57.7500000;2144903
27/01/20;00:00:00;55.0600000;55.9800000;54.6300000;55.4000000;1958808
28/01/20;00:00:00;56.2400000;56.7700000;55.2500000;56.4700000;1171188
29/01/20;00:00:00;56.1900000;57.1900000;55.3300000;55.3400000;1263166
30/01/20;00:00:00;54.0600000;55.0650000;53.2300000;55.0500000;1930544
31/01/20;00:00:00;55.1500000;55.1500000;52.7150000;53.0800000;1875031
03/02/20;00:00:00;53.3100000;54.1050000;53.0000000;53.8000000;1357439
04/02/20;00:00:00;55.3000000;56.0200000;54.9600000;55.5200000;1378026
05/02/20;00:00:00;57.0500000;57.2500000;55.8200000;56.7600000;1405996
06/02/20;00:00:00;58.0800000;59.1700000;57.4100000;58.7000000;1502538
07/02/20;00:00:00;57.9400000;57.9500000;56.7800000;56.8800000;1327117
10/02/20;00:00:00;56.2200000;57.3350000;56.2200000;57.3000000;937992
11/02/20;00:00:00;57.9500000;58.8300000;56.3400000;57.2700000;2372913
12/02/20;00:00:00;59.0000000;61.1800000;58.9100000;59.3300000;3304428
13/02/20;00:00:00;58.9750000;60.6200000;58.8800000;59.3000000;1531729
14/02/20;00:00:00;60.1600000;60.5600000;58.2600000;58.5000000;1037536
18/02/20;00:00:00;57.0850000;58.0300000;56.6400000;57.7300000;1192742
19/02/20;00:00:00;58.5900000;60.2400000;58.5700000;59.9900000;1317421
20/02/20;00:00:00;59.9400000;59.9700000;57.6900000;58.9900000;1397227
21/02/20;00:00:00;58.7100000;58.7100000;55.9000000;56.9900000;1991775
24/02/20;00:00:00;53.0700000;55.4400000;52.6300000;55.0500000;1788747
26/02/20;00:00:00;52.7800000;54.2600000;51.8800000;52.3700000;2171548
27/02/20;00:00:00;50.6400000;52.8400000;49.9900000;50.5700000;2636095
28/02/20;00:00:00;48.6500000;52.9100000;48.3900000;52.7200000;2926893
02/03/20;00:00:00;53.2000000;54.6800000;52.1300000;54.6700000;2656944
03/03/20;00:00:00;54.6000000;55.3600000;51.1200000;51.8100000;3137302
04/03/20;00:00:00;53.0400000;55.3700000;52.2200000;55.2900000;1989982
05/03/20;00:00:00;53.5000000;55.6100000;53.3500000;53.7700000;2277396
06/03/20;00:00:00;52.1300000;53.1900000;50.0100000;51.4100000;3108568
09/03/20;00:00:00;45.4800000;48.6000000;44.9800000;45.6900000;2555189
10/03/20;00:00:00;48.2100000;48.2600000;45.2900000;47.8300000;1868495
11/03/20;00:00:00;46.1250000;46.3100000;42.8500000;43.7000000;3127749
12/03/20;00:00:00;39.3150000;42.5200000;38.5900000;38.6000000;2968400
13/03/20;00:00:00;41.5700000;42.9400000;38.3700000;42.9000000;2506743
16/03/20;00:00:00;37.3100000;39.1200000;34.4500000;34.4500000;2282011
17/03/20;00:00:00;35.4800000;39.1300000;34.0300000;37.3000000;2418170
18/03/20;00:00:00;34.2200000;36.5300000;31.1300000;35.1600000;2234937
19/03/20;00:00:00;34.6300000;37.2900000;33.6500000;36.2700000;1753709
20/03/20;00:00:00;37.8000000;38.5900000;35.8400000;36.0500000;3590437
23/03/20;00:00:00;36.8600000;39.4700000;35.7100000;38.2700000;3065323
24/03/20;00:00:00;41.8200000;44.4100000;41.1400000;43.2500000;2951498
25/03/20;00:00:00;43.9100000;44.8800000;40.0400000;42.2100000;4172031
26/03/20;00:00:00;44.9500000;45.7500000;43.3400000;44.8100000;4126628
27/03/20;00:00:00;43.2500000;45.2700000;42.3200000;43.4300000;2479741
30/03/20;00:00:00;44.1700000;45.5600000;43.1500000;44.4900000;1948205
31/03/20;00:00:00;44.5400000;45.1700000;41.9200000;42.0900000;2250900
01/04/20;00:00:00;40.7000000;42.2900000;39.3400000;39.9500000;1837886
02/04/20;00:00:00;39.7900000;41.5800000;39.5300000;41.0700000;1856727
03/04/20;00:00:00;40.9500000;41.8400000;40.5600000;41.2300000;1784528
06/04/20;00:00:00;43.3500000;46.6600000;43.3500000;46.3400000;2397197
07/04/20;00:00:00;48.1300000;48.3600000;46.0400000;46.5400000;1932044
08/04/20;00:00:00;47.0700000;48.6900000;46.8000000;48.2900000;1878161
09/04/20;00:00:00;49.2700000;49.8000000;45.3600000;46.1500000;2557564
13/04/20;00:00:00;44.9100000;46.3900000;44.4000000;46.1900000;1829317
14/04/20;00:00:00;47.2200000;48.3800000;46.6500000;47.6200000;1226404
15/04/20;00:00:00;46.4000000;46.6500000;45.6400000;46.4500000;1169691
16/04/20;00:00:00;47.0400000;47.1400000;44.6600000;45.4900000;1675519
17/04/20;00:00:00;46.7800000;46.8600000;44.8550000;45.7000000;1318957
21/04/20;00:00:00;41.5700000;42.4900000;41.1900000;41.3800000;1082270
22/04/20;00:00:00;43.1100000;44.2000000;42.7500000;43.9100000;1143047
23/04/20;00:00:00;43.8200000;44.7100000;43.4300000;43.7500000;1195319
24/04/20;00:00:00;43.7800000;44.3100000;42.9900000;44.1400000;886915
27/04/20;00:00:00;44.9100000;45.3900000;44.5900000;45.2800000;963007
28/04/20;00:00:00;46.2100000;47.6900000;45.2800000;45.3000000;1381497
29/04/20;00:00:00;46.5800000;50.1400000;46.3300000;49.8100000;2035798
30/04/20;00:00:00;49.4200000;49.5650000;47.3700000;47.8800000;1343709
01/05/20;00:00:00;46.3400000;46.8800000;44.5200000;45.0800000;1638239
04/05/20;00:00:00;44.1900000;44.6900000;43.6200000;44.4700000;1178388
05/05/20;00:00:00;45.4600000;46.9400000;45.1200000;45.4000000;1416155
06/05/20;00:00:00;46.0200000;47.1100000;45.9200000;46.0700000;1287280
07/05/20;00:00:00;47.0600000;47.5000000;46.3450000;46.5800000;1368524
08/05/20;00:00:00;47.3900000;48.4600000;47.3100000;48.2600000;1295802
11/05/20;00:00:00;47.7400000;48.7200000;47.4500000;48.2200000;978489
12/05/20;00:00:00;48.5500000;48.5500000;45.6450000;45.6900000;1696907
13/05/20;00:00:00;45.8700000;45.8700000;42.9500000;43.5000000;2605380
14/05/20;00:00:00;43.0600000;45.7700000;42.5150000;45.7300000;1777736
15/05/20;00:00:00;43.2800000;44.7800000;43.2600000;44.4100000;2031318
18/05/20;00:00:00;45.8600000;46.1450000;44.9500000;45.9000000;1409200
19/05/20;00:00:00;45.7800000;46.2300000;45.0200000;45.1000000;1322492
20/05/20;00:00:00;46.4600000;47.0400000;46.1100000;46.6400000;1110671
21/05/20;00:00:00;46.5000000;46.5700000;44.7600000;45.2200000;1247092
22/05/20;00:00:00;45.2250000;45.3100000;44.2500000;44.9500000;1129466
26/05/20;00:00:00;46.2200000;46.6850000;45.4600000;45.7900000;1678880
27/05/20;00:00:00;45.9200000;49.5800000;43.9000000;49.4400000;4268417
28/05/20;00:00:00;48.7900000;48.7900000;46.0800000;46.4800000;2414509
29/05/20;00:00:00;46.5800000;48.0200000;46.2200000;47.8300000;1810719
01/06/20;00:00:00;47.4900000;47.6600000;46.3300000;46.3500000;842742
02/06/20;00:00:00;46.5000000;46.8400000;45.5800000;46.8200000;830934
03/06/20;00:00:00;48.0500000;49.4200000;47.4500000;48.9300000;1417768
04/06/20;00:00:00;48.8800000;51.9700000;48.6100000;51.2300000;1533659
05/06/20;00:00:00;52.7000000;54.8200000;52.6200000;53.7100000;1596217
08/06/20;00:00:00;54.5300000;54.6400000;52.2350000;53.7400000;1082024
09/06/20;00:00:00;52.6750000;53.4900000;52.4600000;53.1400000;688230
10/06/20;00:00:00;52.8900000;53.2800000;51.5850000;52.4600000;856915
11/06/20;00:00:00;50.3800000;51.0800000;48.2000000;48.5300000;1345278
12/06/20;00:00:00;50.2800000;50.4700000;47.3600000;48.6800000;1160688
15/06/20;00:00:00;47.3100000;49.7200000;47.1200000;49.2500000;833069
16/06/20;00:00:00;51.2200000;52.1500000;49.9200000;51.0400000;861530
17/06/20;00:00:00;51.3100000;51.5100000;50.5400000;50.9700000;715866
18/06/20;00:00:00;50.4800000;51.0300000;50.0250000;50.4600000;539091
19/06/20;00:00:00;51.1600000;52.7300000;50.7900000;50.8300000;958129
22/06/20;00:00:00;51.0700000;51.3700000;50.2500000;51.1400000;669568
23/06/20;00:00:00;50.7300000;50.8800000;49.5800000;49.8300000;911301
24/06/20;00:00:00;49.6000000;50.0800000;48.0200000;48.2900000;1007982
25/06/20;00:00:00;48.2200000;49.3100000;47.2800000;49.1900000;661468
26/06/20;00:00:00;49.1400000;49.3500000;48.1400000;48.5000000;797289
29/06/20;00:00:00;48.5400000;49.1500000;47.6000000;49.0900000;627546
30/06/20;00:00:00;51.8300000;52.4700000;50.9700000;51.5000000;1748224
01/07/20;00:00:00;51.5350000;51.5400000;49.6150000;49.7100000;883733
02/07/20;00:00:00;50.5000000;50.7100000;49.4800000;49.8100000;770348
06/07/20;00:00:00;50.7300000;51.4300000;50.4900000;50.9100000;645432
07/07/20;00:00:00;50.5200000;50.5600000;49.0200000;49.0900000;795816
08/07/20;00:00:00;49.5200000;49.7500000;48.9700000;49.6800000;539210
09/07/20;00:00:00;49.8300000;50.3900000;48.7600000;49.9900000;834644
10/07/20;00:00:00;49.9500000;50.7100000;49.4300000;50.7000000;830276
13/07/20;00:00:00;51.3300000;52.2800000;49.3900000;49.4600000;1171487
14/07/20;00:00:00;49.0000000;49.7850000;47.9600000;49.7200000;1040221
15/07/20;00:00:00;50.2400000;50.6400000;49.4100000;50.5300000;876101
16/07/20;00:00:00;49.8000000;50.2800000;49.2300000;50.1000000;837544
17/07/20;00:00:00;50.3000000;50.4000000;49.2900000;49.4600000;590800
20/07/20;00:00:00;49.6500000;51.3100000;49.5400000;51.2000000;933058
21/07/20;00:00:00;51.6200000;52.6500000;51.2300000;51.5100000;1008063
22/07/20;00:00:00;51.5100000;51.7500000;51.0300000;51.6600000;646208
23/07/20;00:00:00;51.7400000;54.2000000;51.6200000;52.6100000;1808816
24/07/20;00:00:00;51.1800000;51.1800000;49.6800000;50.0400000;1244869
27/07/20;00:00:00;50.6500000;51.7100000;50.5000000;51.6100000;704929
28/07/20;00:00:00;51.2400000;51.2400000;50.0450000;50.1000000;681870
29/07/20;00:00:00;50.2800000;50.6300000;49.7800000;50.4000000;541713
30/07/20;00:00:00;49.8100000;50.7500000;49.1100000;50.7300000;731066
31/07/20;00:00:00;50.6400000;50.6400000;49.2700000;50.0600000;891980
03/08/20;00:00:00;50.3500000;50.6100000;50.0300000;50.3700000;698858
04/08/20;00:00:00;50.4800000;51.4700000;50.2900000;51.3300000;745089
05/08/20;00:00:00;51.0300000;51.2800000;50.6600000;51.0400000;461058
06/08/20;00:00:00;50.0000000;50.0100000;48.3200000;48.6900000;1413554
07/08/20;00:00:00;48.6700000;49.1700000;48.0500000;48.7450000;633142
10/08/20;00:00:00;48.8700000;49.6650000;48.2700000;49.1400000;781287
11/08/20;00:00:00;49.0400000;49.7400000;47.6400000;47.7600000;1024823
12/08/20;00:00:00;48.3700000;48.7200000;47.6700000;48.4700000;817965
13/08/20;00:00:00;47.2300000;47.2300000;45.9300000;46.1400000;2217053
14/08/20;00:00:00;45.5500000;46.0700000;45.3000000;45.5800000;919575
17/08/20;00:00:00;45.9000000;45.9000000;44.7500000;45.2200000;801743
18/08/20;00:00:00;45.0000000;45.1600000;44.0600000;44.3900000;1038166
19/08/20;00:00:00;44.4400000;44.6900000;43.8700000;44.0700000;889348
20/08/20;00:00:00;42.6900000;43.6500000;42.2700000;42.9900000;887521
21/08/20;00:00:00;42.8500000;43.0500000;42.4050000;42.6700000;672925
24/08/20;00:00:00;43.1400000;43.8100000;42.9000000;43.7600000;679065
25/08/20;00:00:00;44.8800000;45.5350000;44.6000000;45.1000000;988718
26/08/20;00:00:00;45.6200000;45.8100000;44.6900000;44.9500000;652102
27/08/20;00:00:00;44.5400000;44.8100000;43.6750000;44.6100000;846005
28/08/20;00:00:00;44.6400000;45.7800000;44.4200000;45.6900000;744472
31/08/20;00:00:00;45.3300000;45.8000000;45.1400000;45.5300000;579000
01/09/20;00:00:00;45.5300000;45.7900000;45.0600000;45.7700000;736335
02/09/20;00:00:00;46.3300000;48.1900000;46.3000000;47.8000000;1621381
03/09/20;00:00:00;47.7900000;47.8300000;45.8600000;46.3400000;1483022
04/09/20;00:00:00;46.1400000;46.9400000;44.8900000;46.4900000;1899806
08/09/20;00:00:00;44.9900000;46.2200000;44.5300000;45.0400000;1757778
09/09/20;00:00:00;45.7400000;45.8300000;44.4500000;45.1400000;1285344
10/09/20;00:00:00;45.4400000;45.9200000;44.7000000;44.8600000;1100375
11/09/20;00:00:00;45.1200000;46.4700000;44.9900000;46.0900000;1449721
14/09/20;00:00:00;48.4000000;49.5850000;48.3400000;49.0300000;1428703
15/09/20;00:00:00;49.4000000;49.6600000;48.7000000;49.0500000;944733
16/09/20;00:00:00;49.2000000;51.2200000;48.9900000;50.2100000;1414916
17/09/20;00:00:00;49.0600000;51.2800000;48.8300000;50.9900000;1478883
18/09/20;00:00:00;51.5100000;52.1600000;49.9700000;50.7200000;1625975
21/09/20;00:00:00;49.6900000;49.7100000;47.9000000;49.1600000;1360853
22/09/20;00:00:00;49.2500000;49.7750000;48.8000000;49.7000000;710200
23/09/20;00:00:00;50.9100000;51.5800000;49.6400000;49.8400000;1100326
24/09/20;00:00:00;49.3900000;50.3500000;49.1000000;49.4500000;934020
25/09/20;00:00:00;49.5300000;49.6000000;47.7800000;49.1200000;951577
28/09/20;00:00:00;49.6500000;49.7600000;48.1400000;49.7300000;893651
29/09/20;00:00:00;49.6300000;51.3800000;49.6200000;50.7100000;1055504
30/09/20;00:00:00;48.9400000;49.2500000;46.8350000;46.9600000;1992523
01/10/20;00:00:00;47.1100000;48.1800000;47.0800000;47.9300000;1268962
02/10/20;00:00:00;46.7800000;47.5200000;46.5100000;46.5800000;1233736
05/10/20;00:00:00;46.9900000;47.7200000;46.9900000;47.6000000;745112
06/10/20;00:00:00;47.6000000;48.8100000;47.2200000;47.3400000;884139
07/10/20;00:00:00;48.3500000;48.9900000;48.3300000;48.3800000;659906
08/10/20;00:00:00;48.8900000;49.9900000;48.2300000;49.9000000;695288
09/10/20;00:00:00;50.2500000;50.5950000;49.3200000;49.8800000;681732
12/10/20;00:00:00;50.5400000;50.8300000;50.0900000;50.6800000;709334
13/10/20;00:00:00;51.9500000;52.7400000;51.6500000;51.8500000;1178604
14/10/20;00:00:00;52.0200000;52.2500000;51.3600000;51.6200000;701541
15/10/20;00:00:00;50.7600000;51.9700000;50.3400000;51.9500000;852479
16/10/20;00:00:00;52.2000000;52.5400000;51.5800000;51.6200000;799399
19/10/20;00:00:00;51.9400000;53.9900000;51.3100000;52.6600000;1414212
20/10/20;00:00:00;53.1200000;54.1800000;52.7600000;53.5300000;954176
21/10/20;00:00:00;53.3500000;53.9300000;53.1900000;53.3200000;719567
22/10/20;00:00:00;53.3400000;54.8400000;53.0900000;54.3900000;945410
23/10/20;00:00:00;54.0300000;54.0300000;52.3900000;52.8600000;980189
26/10/20;00:00:00;52.3850000;52.8800000;51.4100000;52.1400000;745688
27/10/20;00:00:00;52.1100000;52.3100000;51.5500000;51.9600000;581890
28/10/20;00:00:00;50.7200000;50.8500000;49.5700000;49.9800000;930737
29/10/20;00:00:00;49.7100000;50.9100000;49.3900000;50.4800000;821395
30/10/20;00:00:00;49.9500000;50.4200000;49.3100000;50.3900000;857892
02/11/20;00:00:00;50.6500000;50.6600000;49.4400000;49.7200000;672059
03/11/20;00:00:00;50.1300000;51.5900000;50.0100000;51.0600000;610757
04/11/20;00:00:00;51.7300000;52.4900000;50.9400000;51.9600000;848330
05/11/20;00:00:00;52.8700000;54.7700000;52.7800000;54.5900000;942698
06/11/20;00:00:00;54.4400000;55.4100000;54.3300000;55.1600000;868779
09/11/20;00:00:00;56.5900000;57.8200000;55.8750000;55.9400000;1233563
10/11/20;00:00:00;55.0200000;55.9200000;54.3600000;55.4500000;865736
11/11/20;00:00:00;55.9700000;56.9300000;55.8500000;56.3500000;731616
12/11/20;00:00:00;56.6000000;56.9700000;55.9000000;56.2600000;828468
13/11/20;00:00:00;56.7600000;58.1800000;56.7600000;57.9400000;684356
16/11/20;00:00:00;59.7200000;61.9000000;59.6700000;61.8900000;1641266
17/11/20;00:00:00;60.9800000;62.1950000;60.3250000;62.0100000;990383
18/11/20;00:00:00;61.6500000;62.0100000;60.6250000;60.7500000;1261103
19/11/20;00:00:00;60.0200000;61.9700000;59.6700000;61.8400000;701987
20/11/20;00:00:00;61.4800000;62.6300000;61.3600000;61.4000000;636152
23/11/20;00:00:00;62.9100000;64.4900000;62.7100000;64.1700000;1167680
24/11/20;00:00:00;64.2200000;64.2200000;62.8900000;63.9700000;881637
25/11/20;00:00:00;63.6600000;64.0000000;62.6100000;63.4200000;699851
27/11/20;00:00:00;63.8300000;64.7900000;63.5100000;64.2200000;501836
30/11/20;00:00:00;64.4800000;65.2300000;63.6000000;64.1000000;941587
01/12/20;00:00:00;65.3600000;68.6200000;65.1800000;67.0900000;2181185
02/12/20;00:00:00;67.6100000;69.3800000;66.7900000;69.1000000;1301020
03/12/20;00:00:00;70.8000000;71.1100000;69.5500000;69.8900000;1090363
04/12/20;00:00:00;71.0700000;74.3700000;70.5800000;73.3400000;1666569
07/12/20;00:00:00;73.3500000;73.3600000;71.4800000;72.6000000;936605
08/12/20;00:00:00;72.0200000;73.5400000;71.9900000;73.2000000;586062
09/12/20;00:00:00;73.0300000;74.6050000;70.7900000;71.3800000;873088
10/12/20;00:00:00;70.0600000;71.9400000;69.7000000;71.2600000;783020
11/12/20;00:00:00;70.3800000;71.3150000;69.4050000;70.5300000;780359
14/12/20;00:00:00;71.5000000;72.1800000;71.0400000;71.5100000;629619
15/12/20;00:00:00;72.8600000;73.3700000;72.3400000;73.1600000;539530
16/12/20;00:00:00;74.1000000;74.3400000;72.6300000;72.9700000;698445
17/12/20;00:00:00;73.6900000;73.6900000;71.7800000;72.2500000;612145
18/12/20;00:00:00;72.7000000;73.4500000;71.0800000;71.4200000;844556
21/12/20;00:00:00;70.0000000;71.6900000;69.6700000;71.4700000;756685
22/12/20;00:00:00;71.5400000;71.7700000;69.7700000;70.4300000;547119
23/12/20;00:00:00;70.4400000;71.0400000;69.8900000;69.9400000;528920
24/12/20;00:00:00;70.3000000;70.6400000;69.7700000;70.6000000;240978
28/12/20;00:00:00;71.9600000;72.0900000;70.4700000;70.6600000;440996
29/12/20;00:00:00;71.0400000;71.3800000;69.1500000;70.2100000;418212
30/12/20;00:00:00;70.4200000;72.6400000;70.3900000;71.9200000;678074
31/12/20;00:00:00;72.5100000;75.6600000;72.4100000;75.1800000;1409126
04/01/21;00:00:00;76.5700000;78.6000000;73.7600000;74.0200000;2058767
05/01/21;00:00:00;76.4700000;78.6800000;76.0300000;77.2900000;1638531
06/01/21;00:00:00;76.3600000;78.4400000;76.1000000;77.1200000;841279
07/01/21;00:00:00;78.1500000;80.0800000;78.0500000;79.0700000;927018
08/01/21;00:00:00;82.5800000;84.1400000;77.0900000;77.3800000;1827397
11/01/21;00:00:00;76.5900000;79.7800000;76.4800000;78.6700000;924088
12/01/21;00:00:00;79.2800000;79.6100000;77.8400000;79.4500000;789945
13/01/21;00:00:00;79.0800000;80.3900000;78.5900000;79.9200000;816177
14/01/21;00:00:00;80.0100000;82.2100000;79.6000000;81.3200000;678215
15/01/21;00:00:00;81.1800000;81.8700000;79.5400000;80.7300000;670925
19/01/21;00:00:00;81.2800000;85.6700000;80.9600000;85.4900000;1189472
20/01/21;00:00:00;85.9600000;87.2300000;83.2400000;83.5200000;827220
21/01/21;00:00:00;83.8100000;85.0950000;82.5600000;85.0100000;612319
22/01/21;00:00:00;84.0800000;84.8900000;82.2250000;82.2600000;772021
25/01/21;00:00:00;83.2600000;83.2600000;78.8900000;81.2700000;817934
26/01/21;00:00:00;81.7300000;81.9500000;79.0150000;79.5000000;631652
27/01/21;00:00:00;77.1200000;77.5500000;74.3300000;75.1100000;1613843
28/01/21;00:00:00;77.2000000;80.1800000;76.7800000;78.2900000;824928
29/01/21;00:00:00;78.3100000;79.3500000;76.9500000;78.2500000;1165320
01/02/21;00:00:00;79.5900000;81.0700000;78.4900000;80.4300000;839500
02/02/21;00:00:00;81.3500000;81.7300000;79.9400000;81.6200000;558400
03/02/21;00:00:00;81.8300000;82.5200000;78.9750000;79.1100000;636485
04/02/21;00:00:00;79.2100000;81.3300000;79.0000000;81.2400000;625581
05/02/21;00:00:00;81.8600000;82.0100000;80.7300000;81.1000000;454175
08/02/21;00:00:00;81.7700000;84.0600000;81.7100000;83.9700000;699704
09/02/21;00:00:00;83.3000000;84.0000000;82.4100000;83.3200000;625173
10/02/21;00:00:00;84.0100000;84.3800000;81.3600000;82.3400000;484078
11/02/21;00:00:00;84.4000000;86.6350000;84.0000000;86.4800000;1125202
12/02/21;00:00:00;86.0800000;88.3100000;85.4800000;88.1000000;803016
16/02/21;00:00:00;89.0000000;89.1900000;87.0600000;87.7400000;628356
17/02/21;00:00:00;86.5000000;87.3200000;84.9700000;86.0400000;626405
18/02/21;00:00:00;86.4700000;88.7200000;86.0000000;88.5300000;985190
19/02/21;00:00:00;90.0500000;91.4900000;88.8100000;90.9700000;916102
22/02/21;00:00:00;89.5500000;90.5100000;85.9300000;86.2800000;837132
23/02/21;00:00:00;85.1200000;89.1900000;82.4550000;88.2200000;1447802
24/02/21;00:00:00;88.3000000;92.6000000;87.7300000;92.5000000;1151684
25/02/21;00:00:00;91.5200000;93.0800000;87.6100000;88.0800000;1135241
26/02/21;00:00:00;89.9200000;92.9400000;88.3300000;91.5200000;1251454
01/03/21;00:00:00;94.5400000;95.7400000;92.6100000;94.7900000;1273212
02/03/21;00:00:00;93.6800000;94.8900000;90.9100000;91.0600000;1026233
03/03/21;00:00:00;90.5700000;93.3100000;88.3900000;89.0800000;1690010
04/03/21;00:00:00;88.8300000;89.7300000;81.8800000;84.3400000;1669723
05/03/21;00:00:00;87.5600000;89.3100000;83.3200000;88.9200000;2252565
08/03/21;00:00:00;88.5900000;89.6800000;84.8800000;85.0400000;1267447
09/03/21;00:00:00;87.8900000;90.1700000;86.3300000;89.2900000;1425613
10/03/21;00:00:00;89.8200000;89.9000000;85.3200000;85.4000000;1314931
11/03/21;00:00:00;87.9400000;90.2000000;86.8800000;89.3000000;1262054
12/03/21;00:00:00;87.6100000;88.5100000;86.4500000;87.7500000;1069183
15/03/21;00:00:00;87.8700000;88.9100000;86.1700000;88.8400000;821506
16/03/21;00:00:00;90.7900000;94.6600000;90.3000000;91.4200000;1165372
17/03/21;00:00:00;91.3100000;95.4800000;90.1200000;94.8300000;1121378
18/03/21;00:00:00;92.9900000;93.4200000;89.4100000;89.8300000;1112721
19/03/21;00:00:00;90.3100000;92.6800000;88.9300000;90.4200000;1033476
22/03/21;00:00:00;91.8300000;92.4200000;89.6900000;91.2800000;716778
23/03/21;00:00:00;91.0100000;91.0100000;84.9700000;85.3700000;1517320
24/03/21;00:00:00;87.0600000;87.1100000;82.9200000;83.0000000;1142944
25/03/21;00:00:00;81.1300000;84.4100000;80.4900000;84.0800000;1073161
26/03/21;00:00:00;84.5400000;88.1400000;84.1000000;87.9900000;984520
29/03/21;00:00:00;87.8400000;88.2300000;85.7800000;86.5600000;944879
30/03/21;00:00:00;86.3400000;87.2200000;85.2900000;86.7400000;499175
31/03/21;00:00:00;87.3800000;89.0650000;86.7200000;88.2100000;941401
01/04/21;00:00:00;93.0000000;94.3600000;91.2600000;92.4200000;1458958
05/04/21;00:00:00;93.9300000;94.6600000;92.4700000;93.7800000;1071925
06/04/21;00:00:00;93.8300000;96.1000000;92.6900000;93.5000000;882022
07/04/21;00:00:00;94.1600000;95.0700000;92.5500000;93.9800000;645344
08/04/21;00:00:00;95.0100000;96.3600000;93.7900000;95.2950000;651221
09/04/21;00:00:00;94.1400000;95.3800000;93.5500000;95.3000000;587283
12/04/21;00:00:00;95.1300000;96.9600000;94.7600000;95.5900000;891708
13/04/21;00:00:00;96.5000000;96.8200000;91.4000000;92.1400000;1089977
14/04/21;00:00:00;91.6400000;92.5000000;89.5300000;90.6700000;925227
15/04/21;00:00:00;91.7500000;91.8400000;89.4500000;90.2700000;782117
16/04/21;00:00:00;90.4500000;91.3300000;90.1000000;90.6500000;544310
19/04/21;00:00:00;90.6000000;90.6100000;86.5300000;88.4400000;1018711
20/04/21;00:00:00;88.3600000;88.9300000;86.5400000;87.4700000;675163
21/04/21;00:00:00;87.1800000;89.5600000;86.4000000;89.4800000;521665
22/04/21;00:00:00;88.1400000;88.3500000;83.9200000;84.7100000;1093718
23/04/21;00:00:00;85.2600000;86.4500000;84.6000000;86.0300000;724902
26/04/21;00:00:00;86.2800000;88.2900000;86.1350000;87.8500000;652125
27/04/21;00:00:00;89.3200000;90.1700000;88.0400000;89.4600000;907988
28/04/21;00:00:00;87.6500000;87.7300000;85.3700000;86.0400000;948540
29/04/21;00:00:00;87.6000000;88.0800000;85.5500000;88.0600000;926294
30/04/21;00:00:00;86.7400000;88.4700000;85.5600000;86.0000000;715007
03/05/21;00:00:00;86.9800000;86.9800000;83.8800000;85.0100000;894978
04/05/21;00:00:00;84.1350000;84.8600000;82.0500000;84.3900000;968709
05/05/21;00:00:00;85.4800000;85.9400000;84.0300000;85.1500000;557442
06/05/21;00:00:00;84.7200000;85.1100000;83.3100000;84.7900000;967292
07/05/21;00:00:00;85.9000000;86.3100000;84.9900000;85.9700000;638742
10/05/21;00:00:00;84.9300000;84.9700000;80.8100000;80.8500000;1298189
11/05/21;00:00:00;77.2700000;80.7600000;76.8300000;80.7100000;1379506
12/05/21;00:00:00;79.0800000;79.9600000;76.4300000;76.7900000;1370499
13/05/21;00:00:00;77.9100000;78.8500000;76.5600000;77.1800000;1148953
14/05/21;00:00:00;78.6400000;80.1400000;77.0900000;79.6800000;790950
17/05/21;00:00:00;79.1200000;80.4200000;77.7500000;80.4200000;716194
18/05/21;00:00:00;80.5500000;80.9200000;78.8000000;78.8700000;1081327
19/05/21;00:00:00;77.2500000;80.2700000;76.1600000;79.9300000;1744724
20/05/21;00:00:00;80.4800000;81.4900000;79.5200000;81.1300000;1053900
21/05/21;00:00:00;81.7500000;81.9900000;80.3800000;80.7100000;740324
24/05/21;00:00:00;81.3900000;83.6100000;81.3900000;82.9100000;841007
25/05/21;00:00:00;83.5800000;83.6900000;79.7200000;81.2400000;1519231
26/05/21;00:00:00;81.5700000;82.4100000;81.0300000;82.2500000;810582
27/05/21;00:00:00;82.4600000;84.7500000;82.3600000;83.9500000;1135559
28/05/21;00:00:00;84.2200000;84.7200000;83.2300000;84.1500000;828726
01/06/21;00:00:00;84.9700000;85.7400000;83.6200000;84.1600000;608646
02/06/21;00:00:00;84.2900000;84.8200000;83.4800000;84.3600000;651390
03/06/21;00:00:00;83.6500000;84.0400000;81.8900000;82.0200000;1046797
04/06/21;00:00:00;82.9700000;84.3700000;82.8700000;83.7900000;711527
07/06/21;00:00:00;83.0600000;84.2300000;82.6600000;84.0300000;570770
08/06/21;00:00:00;84.9700000;84.9700000;80.0150000;80.5400000;1852062
09/06/21;00:00:00;80.4300000;80.5400000;78.5300000;78.6500000;1367081
10/06/21;00:00:00;79.3500000;80.8400000;78.5300000;79.2900000;1119839
11/06/21;00:00:00;80.0600000;80.7500000;79.2200000;79.3400000;608179
14/06/21;00:00:00;79.5400000;80.9400000;79.3800000;80.4900000;705465
15/06/21;00:00:00;80.6100000;82.9100000;79.9400000;82.2000000;1026789
16/06/21;00:00:00;82.8300000;83.1000000;80.1300000;80.5100000;1353695
17/06/21;00:00:00;79.7600000;81.4400000;79.3700000;80.6400000;1184744
18/06/21;00:00:00;78.8200000;79.2600000;76.1300000;76.9200000;2455714
21/06/21;00:00:00;76.8700000;77.2700000;75.7150000;77.0600000;1009685
22/06/21;00:00:00;77.5300000;78.2700000;77.0500000;77.6600000;853059
23/06/21;00:00:00;78.1500000;79.8600000;78.1500000;79.0150000;1229898
24/06/21;00:00:00;80.3500000;80.8900000;79.9300000;80.5900000;901052
25/06/21;00:00:00;81.5700000;82.8300000;81.0900000;82.0300000;984903
28/06/21;00:00:00;82.6250000;83.6000000;82.1600000;83.3700000;936709
29/06/21;00:00:00;83.5950000;83.8300000;81.8800000;82.9000000;824677
30/06/21;00:00:00;84.8200000;85.3800000;83.4400000;84.9600000;1951619
01/07/21;00:00:00;81.9800000;81.9800000;79.9100000;80.1100000;2954134
02/07/21;00:00:00;80.6700000;80.8700000;78.8900000;80.3300000;1015514
06/07/21;00:00:00;80.8400000;81.5300000;79.7700000;81.0800000;1062576
07/07/21;00:00:00;81.7600000;81.8000000;77.9600000;78.2200000;1284299
08/07/21;00:00:00;76.2200000;77.8700000;75.9700000;77.1300000;1222847
09/07/21;00:00:00;77.4000000;78.9450000;76.7300000;78.7200000;942289
12/07/21;00:00:00;78.7500000;79.7100000;77.7100000;79.5700000;697362
13/07/21;00:00:00;79.3800000;79.4750000;78.1200000;78.4300000;677281
14/07/21;00:00:00;79.2400000;80.7600000;78.3200000;78.4900000;705240
15/07/21;00:00:00;78.3400000;78.3500000;76.3600000;76.9200000;730199
16/07/21;00:00:00;77.1100000;77.5700000;74.8400000;75.0200000;1136315
19/07/21;00:00:00;73.5600000;74.6700000;73.2300000;74.5500000;1214938
20/07/21;00:00:00;74.6900000;75.9200000;73.8000000;75.3800000;809271
21/07/21;00:00:00;75.4500000;77.2400000;75.3600000;77.1800000;992207
22/07/21;00:00:00;76.0900000;76.2400000;74.4600000;75.5300000;1315378
23/07/21;00:00:00;75.9300000;76.0400000;74.9100000;75.9500000;647863
